"lambdaA","kN","kA","c","mu","sigma","P0","fit","con","model","epsilon","frac","index"
0,-2.41285543540841,-1.71924850519132,-11.7349232321655,0.942379658238594,-0.39909514469019,2.57661971868445,8.67372415632521,0,"reduced",1,0.5,1
0,-5.39680239038136,-1.68720844375569,-9.37905635251398,0.948933946953288,-0.447583564799344,2.54013783389427,6.96712952408734,0,"reduced",1,0.5,2
0,-1.44973338532066,-1.79070239707972,-8.29987064467399,0.778301629975536,-0.524162749325794,2.40649351949925,10.3932886025258,0,"reduced",1,0.5,3
0,-6.21975543125828,-1.68868306572523,-11.8655393372099,0.962924935870732,-0.427565336764702,2.56427174809838,6.91102621020989,0,"reduced",1,0.5,4
0,-0.907767094063833,-1.80220029232584,-9.47568297434304,0.678418990055909,-0.793537872763425,2.15391074620576,11.4390020014946,0,"reduced",1,0.5,5
0,-1.48537547065882,-1.78824483380475,-14.99771018904,0.794967479894265,-0.49375868235113,2.43812009921381,10.3237139467875,0,"reduced",1,0.5,6
0,-2.05861727289455,-1.7472338998696,-25.1645442157119,0.918958554203343,-0.37618002267181,2.58545735478661,9.259005737277,0,"reduced",1,0.5,7
0,-1.33642404192775,-1.79333651560069,-12.7773696682741,0.746572257323792,-0.594002937402239,2.3366466772948,10.6043134751395,0,"reduced",1,0.5,8
0,-2.58545701793922,-1.69573794127793,-10.4349486502668,0.882808270215967,-0.526118566108804,2.4391193230661,8.40510441816387,0,"reduced",1,0.5,9
0,-1.28282139389601,-1.79454207945421,-11.9771020302725,0.73250468626976,-0.629182753443783,2.30260395815054,10.7054781162524,0,"reduced",1,0.5,10
0,-1.30853149644358,-1.79403244567346,-11.8271678999917,0.740031935599317,-0.61045778270702,2.32096568387573,10.6569713789823,0,"reduced",1,0.5,11
0,-1.16755626146505,-1.79747183036675,-517.357503308905,0.705933239787986,-0.702944620341666,2.23354319153245,10.9263788543861,0,"reduced",1,0.5,12
0,-2.94350368129612,-1.65909618993778,-10.9973067114428,0.823956050235873,-0.697765619330386,2.26576726348516,7.95059988651088,0,"reduced",1,0.5,13
0,-1.35229368216548,-1.7937922773908,-26.0789581135735,0.749635786267576,-0.586948591375658,2.34357390257633,10.5839670487184,0,"reduced",1,0.5,14
0,-0.565696552400856,-1.81333211498843,-9.52204696515853,0.637309313921618,-0.96227009035207,2.01675612555878,12.3240695539815,0,"reduced",1,0.5,15
0,-0.690591191646364,-1.80770486214819,-12.0944833989744,0.655687704170922,-0.877898415547332,2.08275887841622,11.8644812761601,0,"reduced",1,0.5,16
0,-1.73380330319847,-1.77957867132492,-13.7945187022287,0.900478395215001,-0.331679516722434,2.61749214426393,9.86366427795001,0,"reduced",1,0.5,17
0,-0.65289265175048,-1.80775277758626,-6.9279063286897,0.654540644144813,-0.882249247431832,2.07931827158802,12.0272892180335,0,"reduced",1,0.5,18
0,-1.03843119341158,-1.80048731794743,-9.76011880235144,0.689746096208081,-0.751711451097304,2.18966182950178,11.1866179853598,0,"reduced",1,0.5,19
0,-1.09823523932281,-1.79918903596286,-8.26187003604312,0.697371684497058,-0.727372870842671,2.21140394107731,11.062772536115,0,"reduced",1,0.5,20
0,-0.829999542349879,-1.80808359972015,-10.4189291511326,0.668779555877971,-0.82551861861088,2.12596709945513,11.5907709102505,0,"reduced",1,0.5,21
0,-1.6552981531609,-1.78540393857108,-21.5098062518961,0.876057091417116,-0.356121301627722,2.58733027492415,10.0110404882379,0,"reduced",1,0.5,22
0,-4.20682915485717,-1.68524477963583,-40.5929499622096,0.904783670943025,-0.512583833930094,2.46251811295269,7.22121438519764,0,"reduced",1,0.5,23
0,-1.90056208259147,-1.76960873258804,-11.1651703583821,0.970207768545476,-0.262105496901434,2.70597943577936,9.55975390062111,0,"reduced",1,0.5,24
0,-1.63250795957264,-1.78805270012253,-9.86627820177809,0.864267006474902,-0.371848755860049,2.56905258792422,10.0532632606337,0,"reduced",1,0.5,25
0,-2.78036154569867,-1.66823444413873,-50.2974799913667,0.826031972820911,-0.672967814541223,2.28566561906667,8.1316060054085,0,"reduced",1,0.5,26
0,-2.04577027351008,-1.75051539885347,-10.3410134173377,0.93248939836162,-0.350976646913246,2.61316495374131,9.28756732522692,0,"reduced",1,0.5,27
0,-3.10783311976902,-1.66163831381763,-16.7199703781937,0.827296037923871,-0.682217563176279,2.27996883728659,7.8072954989361,0,"reduced",1,0.5,28
0,-0.622410710321461,-1.81079770451957,-21.3343372252609,0.644943116143846,-0.925482211543463,2.04498533081653,12.1250211436217,0,"reduced",1,0.5,29
0,-3.17464666798102,-1.6671372753593,-9.07545764140835,0.82923236566714,-0.669565343519991,2.29085695966998,7.7575305559041,0,"reduced",1,0.5,30
0,-2.15348459407512,-1.72997399295374,-12.2304032025838,0.873330701408987,-0.478356044396874,2.47672385044712,9.07893296371326,0,"reduced",1,0.5,31
0,-2.12804356620008,-1.73590581855196,-8.94506902868246,0.891167922537142,-0.439146214093996,2.51868786431412,9.13010605772832,0,"reduced",1,0.5,32
0,-1.26370664229548,-1.79786899098371,-13.1305122814273,0.727940111749775,-0.640421990438312,2.29186013208542,10.7422855028042,0,"reduced",1,0.5,33
0,-1.5120791509677,-1.78748311757347,-10.2132557365294,0.799985396118034,-0.486006135556686,2.44643749373084,10.2723201054063,0,"reduced",1,0.5,34
0,-1.40602698406772,-1.7937275660755,-22.0563850249679,0.764424255894258,-0.553880620740444,2.3764331299607,10.489060053885,0,"reduced",1,0.5,35
0,-0.944146830782493,-1.80175925005582,-8.61192696613628,0.679907701529298,-0.785715495826468,2.15972078848252,11.3679452982611,0,"reduced",1,0.5,36
0,-1.19634665883441,-1.79709536230501,-11.4148947034838,0.712587325760708,-0.682074772536527,2.25268631841605,10.8711037290398,0,"reduced",1,0.5,37
0,-0.745688571108954,-1.81809101537366,-7.63593230480225,0.666355860512876,-0.842200097355958,2.11472381008854,11.7619132529549,0,"reduced",1,0.5,38
0,-1.95044414210473,-1.75678805228891,-10.2710156809147,0.905191930659275,-0.377056092131011,2.57902098681938,9.45358424382626,0,"reduced",1,0.5,39
0,-6.72934149385952,-1.68875161452595,-65.5048959077451,0.966487697358119,-0.422604833838449,2.57033255318881,6.89126185172011,0,"reduced",1,0.5,40
0,-0.741266622051206,-1.80647743103232,-9.61928033998372,0.660448699911591,-0.858186174611196,2.09883236584127,11.7624310691241,0,"reduced",1,0.5,41
0,-1.94510604936019,-1.76598928431665,-9.58415625444348,0.981114478937357,-0.257133321281644,2.71501009354412,9.47920567387027,0,"reduced",1,0.5,42
0,-0.725445160993397,-1.83784209247555,-11.087474186345,0.65846593236142,-0.865644000420851,2.09245626835851,11.7985119159275,0,"reduced",1,0.5,43
0,-1.53155310612559,-1.7869553285894,-10.1553659232133,0.80862471461422,-0.469242073624619,2.46399061058824,10.2363119836955,0,"reduced",1,0.5,44
0,-0.883991532356658,-1.80334989241261,-17.0822459306869,0.674301806998273,-0.805209493667157,2.14320739816694,11.4839828204966,0,"reduced",1,0.5,45
0,-0.682113951697439,-1.8070488913337,-9.74068990310192,0.659602927330984,-0.864892727461414,2.0946415042742,11.9183356184483,0,"reduced",1,0.5,46
0,-2.57680894847186,-1.68113473102599,-10.6060985527356,0.827636276535217,-0.646037667445235,2.31023775995878,8.39817815254481,0,"reduced",1,0.5,47
0,-0.768711808266553,-1.80572052687015,-10.4891153921179,0.663590750367024,-0.845617533028047,2.10919160865205,11.7091611213696,0,"reduced",1,0.5,48
0,-3.83046699288863,-1.68181732984266,-15.384194844524,0.87953658999297,-0.557122941787987,2.41214934061088,7.36240033807188,0,"reduced",1,0.5,49
0,-0.79943337562173,-1.81061176155579,-12.810537788832,0.665990712319105,-0.836373320183838,2.1168663456939,11.6496364567832,0,"reduced",1,0.5,50
0,-1.00452189381143,-1.80062973096484,-9.5243158082009,0.688958852770805,-0.755248825104426,2.18695892831812,11.248275260034,0,"reduced",1,0.5,51
0,-1.40723743314427,-1.79141134795542,-12.3193918541781,0.77255998415402,-0.538765241007694,2.3933380754018,10.4722614170931,0,"reduced",1,0.5,52
0,-2.83401575427562,-1.66349849909979,-13.2696345457043,0.821952566761091,-0.686129825968449,2.27245689920771,8.09848360944764,0,"reduced",1,0.5,53
0,-2.97198151199929,-1.6523657846263,-9.80538519829385,0.817045399734901,-0.716117289226714,2.24623457636914,7.91799643987726,0,"reduced",1,0.5,54
0,-4.16687293117775,-1.68456663148145,-11.1424484314592,0.90233621588062,-0.517292510832775,2.45734623435033,7.23058870883529,0,"reduced",1,0.5,55
0,-2.10824428392741,-1.74066261471325,-11.1231349551775,0.906097384655144,-0.407695516013596,2.5524837107297,9.17241237019598,0,"reduced",1,0.5,56
0,-1.74112830724024,-1.78491349318751,-11.8286008060066,0.937473165947948,-0.271330071937066,2.68474103657946,9.85745249905433,0,"reduced",1,0.5,57
0,-1.9748519914092,-1.75879782952352,-10.1463258974919,0.942455500993737,-0.320429356864584,2.64389063797144,9.41660098493108,0,"reduced",1,0.5,58
0,-2.49187235092895,-1.69274761025503,-14.8144400331187,0.84288167667623,-0.597873558956079,2.35872103939785,8.52539263339469,0,"reduced",1,0.5,59
0,-5.12944142283263,-1.68782053739101,-25.1518066195424,0.941059829012059,-0.456448158190791,2.52816996104865,7.00755905048302,0,"reduced",1,0.5,60
0,-1.30621125027983,-1.79438493522954,-14.1306188960074,0.745156565382251,-0.602499150924381,2.3310717850247,10.6640216505565,0,"reduced",1,0.5,61
0,-1.49295777792357,-1.78809215476871,-11.0011744900313,0.794210811700763,-0.495705441662988,2.43614945178032,10.3082323723781,0,"reduced",1,0.5,62
0,-3.12603198545425,-1.66354661116683,-12.0003989963355,0.824642167961475,-0.681066735938256,2.27846611133139,7.79473292572685,0,"reduced",1,0.5,63
0,-0.807946699685735,-1.80496193877883,-11.2578887229881,0.667022092131309,-0.832629749052955,2.12014773213008,11.6328148579821,0,"reduced",1,0.5,64
0,-1.15274001905288,-1.79830996718151,-27.2645930683929,0.703850510756119,-0.707686027551684,2.22922010746109,10.9554715082016,0,"reduced",1,0.5,65
0,-1.85521749325491,-1.77840389107322,-11.1641424965483,1.01456178603307,-0.191315531166823,2.78523711337881,9.65210848437939,0,"reduced",1,0.5,66
0,-0.568091445326328,-1.81413958732456,-14.1705664198645,0.637569675553177,-0.961102496712322,2.01767083653645,12.3159824530087,0,"reduced",1,0.5,67
0,-1.40691642729655,-1.79070463220951,-33.2879711247961,0.765788630227148,-0.552723983410542,2.3777363571864,10.4698318639903,0,"reduced",1,0.5,68
0,-1.70773354328815,-1.78299560603992,-12.8942158565363,0.900327254066162,-0.324341884643104,2.623939090852,9.91497132677276,0,"reduced",1,0.5,69
0,-2.87573228855396,-1.65657827201335,-12.8798309956475,0.812990691129109,-0.714361259063879,2.24400203629516,8.0365526156621,0,"reduced",1,0.5,70
0,-1.99030468790967,-1.75002367602204,-21.4149445441463,0.893279439058706,-0.407412837800929,2.54747142881146,9.37622578387645,0,"reduced",1,0.5,71
0,-2.23882412851612,-1.71697117528083,-10.3686355371362,0.8517903923487,-0.538703176922638,2.41464069461157,8.92665084546717,0,"reduced",1,0.5,72
0,-1.35822124801609,-1.79375265091227,-212.693637994384,0.754297574011366,-0.576993055061863,2.35393954838217,10.5631289092437,0,"reduced",1,0.5,73
0,-0.926973017679594,-1.8025328762494,-21.7002783745107,0.678510493886104,-0.789924753032003,2.15627868558818,11.4014768463284,0,"reduced",1,0.5,74
0,-4.02150608601637,-1.68402588403607,-19.9085251687362,0.890120545045884,-0.535726631583054,2.43496501725032,7.2823765410108,0,"reduced",1,0.5,75
0,-1.55556246233249,-1.78706488250779,-17.4679645878169,0.821715737068651,-0.443625731488362,2.49095388000387,10.1926512958143,0,"reduced",1,0.5,76
0,-1.21349014471145,-1.79659796956076,-19.0380356713092,0.717049321891103,-0.670320387898854,2.26398162496721,10.8381587692438,0,"reduced",1,0.5,77
0,-2.79415383292739,-1.66263225072761,-13.0069678353457,0.817910711908008,-0.694886499269174,2.26308430218682,8.11199677841741,0,"reduced",1,0.5,78
0,-0.749671158169404,-1.80602565503233,-32.582434641066,0.662399154267493,-0.850359247878431,2.10526549624498,11.7464414314319,0,"reduced",1,0.5,79
0,-1.67998126002678,-1.78515336830323,-12.2679813596948,0.901985930538032,-0.320076703448698,2.62969802240039,9.96839773023938,0,"reduced",1,0.5,80
0,-1.51955247746233,-1.78631925919474,-10.7026055799897,0.800977996367923,-0.486055939089466,2.44661569754309,10.2575712096824,0,"reduced",1,0.5,81
0,-3.42862728204537,-1.67700564736045,-31.5069788501088,0.843957124522324,-0.623554976618001,2.33685485184102,7.58139133374724,0,"reduced",1,0.5,82
0,-0.615502191793483,-1.82108566257218,-10.3279203820965,0.643791111852497,-0.930834349873679,2.04082169647973,12.1549254452302,0,"reduced",1,0.5,83
0,-1.60960153537644,-1.78653432984562,-9.61422763141319,0.853605350019643,-0.389107366881024,2.55040644320826,10.0951898351156,0,"reduced",1,0.5,84
0,-3.2171001936369,-1.66841592533277,-10.6635913007752,0.830593156715891,-0.661942193742311,2.29756607724274,7.72619748143945,0,"reduced",1,0.5,85
0,-0.585103485507652,-1.81314839628807,-9.8320775321085,0.640541269494659,-0.947278174443366,2.02883295330836,12.2638234858254,0,"reduced",1,0.5,86
0,-0.628238185514758,-1.81079793430785,-22.6417938871693,0.64493841458829,-0.925488540254002,2.04497460414633,12.1269018123686,0,"reduced",1,0.5,87
0,-0.676359369354332,-1.80866945885564,-64.1669957664912,0.652756522627272,-0.890426232398934,2.07267640301799,11.9351244398964,0,"reduced",1,0.5,88
0,-1.02407291246089,-1.80054978541947,-17.2152913166535,0.690031200753759,-0.751726120356806,2.19005600239752,11.2087245100742,0,"reduced",1,0.5,89
0,-2.86584240439122,-1.65844442054425,-14.3184170298479,0.82358750450168,-0.693434985246594,2.26857070340581,8.03034916804712,0,"reduced",1,0.5,90
0,-1.92502418568435,-1.76247724618342,-8.6293519622091,0.930964093238586,-0.327518576977975,2.63291363908465,9.50688029897825,0,"reduced",1,0.5,91
0,-1.52547673976308,-1.7880139726377,-59.535341832106,0.809537970337576,-0.464744633161777,2.46837084558297,10.2485471112466,0,"reduced",1,0.5,92
0,-4.90265019868567,-1.68705709306887,-8.83946635303936,0.93610303874175,-0.464932894716323,2.51885458546397,7.04400790982125,0,"reduced",1,0.5,93
0,-0.573086616785622,-1.81283933342381,-12.552748291443,0.638850085425757,-0.954905189337157,2.02242746058678,12.3023334152012,0,"reduced",1,0.5,94
0,-0.569855823628035,-1.81345593186438,-8.13598312380962,0.637643060457874,-0.960452630486947,2.0181500202213,12.3103253108141,0,"reduced",1,0.5,95
0,-3.36767873253085,-1.67437083185898,-12.0165416719136,0.840470320757241,-0.633696231157799,2.32654282151399,7.62087584859875,0,"reduced",1,0.5,96
0,-0.628627085358901,-1.81067718922366,-8.88452878756717,0.645786384680042,-0.920861965632993,2.04861491379426,12.1034029787683,0,"reduced",1,0.5,97
0,-1.01608687083979,-1.80136963035002,-8.97645798603946,0.684698837885526,-0.76848179571202,2.17491546956881,11.2311967795258,0,"reduced",1,0.5,98
0,-0.657187237821925,-1.80913894817941,-7.45352281079502,0.649951198069366,-0.902424611538629,2.06315787043776,12.0026103079355,0,"reduced",1,0.5,99
0,-0.977882193348252,-1.80648586689787,-17.9402164214449,0.683923968371433,-0.771171647623438,2.17255642469661,11.3009092258074,0,"reduced",1,0.5,100
0,-2.74938719965008,-1.6703975777459,-12.9236789080918,0.828837882919405,-0.662708330033695,2.29584156271501,8.17072909363914,0,"reduced",1,0.5,101
0,-1.90979832106069,-1.76995146498789,-13.2009995502622,0.982833945442575,-0.246420350786957,2.72481670712516,9.54465309178636,0,"reduced",1,0.5,102
0,-0.7735133805238,-1.81212793067243,-19.5089045657741,0.66517664703899,-0.841565048815463,2.11343441796216,11.7045573984703,0,"reduced",1,0.5,103
0,-1.78843083413634,-1.78158372903333,-73.1719136537066,0.969121903160769,-0.23610545904892,2.72792091951426,9.77187295005227,0,"reduced",1,0.5,104
0,-1.72362338698596,-1.78238714564546,-25.0751406389287,0.911819490180167,-0.309060406748195,2.64180288900486,9.88590305103054,0,"reduced",1,0.5,105
0,-3.09315255185013,-1.66311258429806,-14.8956012515388,0.83288743062541,-0.669209038503088,2.29428733692294,7.82333455017397,0,"reduced",1,0.5,106
0,-1.21835016919684,-1.79583671336219,-9.95571562878935,0.716869474772253,-0.672434290420135,2.26187804183216,10.8295810644738,0,"reduced",1,0.5,107
0,-1.88889820394229,-1.76430348099993,-12.9106310200504,0.91572816593938,-0.344562823752799,2.61180967933194,9.57049419720269,0,"reduced",1,0.5,108
0,-0.683344485623826,-1.80804406800382,-11.3109169132542,0.654182922299254,-0.883785641499035,2.07781214180819,11.8919638631058,0,"reduced",1,0.5,109
0,-2.06983987879581,-1.74511138748208,-12.3445927788769,0.912250623088867,-0.389899672213035,2.57063992781379,9.2372625053338,0,"reduced",1,0.5,110
0,-3.28954614242495,-1.67057616589472,-10.5617126346115,0.837742718880583,-0.645941607224708,2.31531816210463,7.67354949095388,0,"reduced",1,0.5,111
0,-1.19916012251344,-1.79651552168256,-11.819604342064,0.712716673611831,-0.683369811208817,2.25155798400946,10.8652000854457,0,"reduced",1,0.5,112
0,-1.33676902420207,-1.79334202508171,-10.9444664190327,0.746169320061815,-0.595028408219283,2.33564709096299,10.6071364252268,0,"reduced",1,0.5,113
0,-1.98039867910422,-1.75673080803832,-10.0864352335394,0.930761377645127,-0.34025058028748,2.62173282980221,9.40387269991177,0,"reduced",1,0.5,114
0,-1.10806324454214,-1.79878501964348,-46.089593689206,0.698285887249186,-0.725555290674185,2.21301697291063,11.045115505318,0,"reduced",1,0.5,115
0,-1.06052931677087,-1.80045139713832,-13.2657192329897,0.693098959781534,-0.740928569631057,2.19925199019582,11.1362663546503,0,"reduced",1,0.5,116
0,-2.23467678358495,-1.73073760030904,-22.6566752640074,0.918936309561643,-0.409014211161658,2.55699859645368,8.95360604590389,0,"reduced",1,0.5,117
0,-2.17885478817496,-1.73226513177265,-10.6272738972563,0.898231917733839,-0.435885402617991,2.52458594742751,9.04278939794106,0,"reduced",1,0.5,118
0,-0.57952395692558,-1.85848096464518,-9.53233390385922,0.638789849637296,-0.954901854591929,2.02234013106158,12.2858583439225,0,"reduced",1,0.5,119
0,-0.963873067919662,-1.8079974292377,-28.6337995520214,0.682159954805441,-0.777204734696235,2.16729664866524,11.3344788726837,0,"reduced",1,0.5,120
0,-5.70055169644172,-1.68779286599012,-33.047631563965,0.951483176228358,-0.44242106885193,2.54522939602468,6.93200459571796,0,"reduced",1,0.5,121
0,-0.864521009427858,-1.83241930633953,-9.84559435080674,0.672266349088403,-0.812614292954305,2.13686262185553,11.5254559911029,0,"reduced",1,0.5,122
0,-1.18753365877801,-1.79742138415755,-8.4691705432746,0.709856257342904,-0.689942923156617,2.24549214445781,10.8897836430541,0,"reduced",1,0.5,123
0,-2.27159731105503,-1.72473208686019,-13.5995300651867,0.902508337874251,-0.443908702211716,2.51938479167528,8.88811854805969,0,"reduced",1,0.5,124
0,-0.691760514915619,-1.80988637409757,-11.8013418333735,0.655428415037088,-0.878987788241864,2.08187866691976,11.8715042596763,0,"reduced",1,0.5,125
0,-2.53610688017066,-1.69591228029772,-9.93229522761758,0.867609207475306,-0.550115262925994,2.41128892883156,8.47011467662593,0,"reduced",1,0.5,126
0,-1.54137018941223,-1.78809477931856,-19.6419259846056,0.817937328855286,-0.448366065510687,2.48560246471152,10.2196485429499,0,"reduced",1,0.5,127
0,-1.07110252011059,-1.79980177338904,-10.8118314118563,0.693997702906684,-0.73804854954037,2.201820995471,11.1212777147612,0,"reduced",1,0.5,128
0,-0.781023534044314,-1.80549780360655,-9.94486384045291,0.664611345649164,-0.84158544064354,2.11253700628111,11.6851949824097,0,"reduced",1,0.5,129
0,-0.65804462470417,-1.80941690641304,-53.8797760694216,0.649702953674453,-0.903832484895635,2.06199667704865,12.0091098314707,0,"reduced",1,0.5,130
0,-2.73820681937539,-1.67385629394398,-17.4822668778869,0.836437761126542,-0.642963540285819,2.31637941892092,8.18980833119554,0,"reduced",1,0.5,131
0,-3.84005156064041,-1.68223766799696,-60.6700330170106,0.873472476995009,-0.563889287945254,2.40205594889038,7.34957758490035,0,"reduced",1,0.5,132
0,-4.17960196477851,-1.68535169857669,-8.09094888139694,0.902717775194927,-0.516930324025265,2.4578696044625,7.22495642089581,0,"reduced",1,0.5,133
0,-0.846193092607886,-1.80405753188484,-7.87516327743779,0.670626052917453,-0.818669656542974,2.13186503038348,11.5589494845949,0,"reduced",1,0.5,134
0,-2.11912050011511,-1.74212721033947,-16.9327693935505,0.923141823138046,-0.380768812005,2.5832876278776,9.15541242040971,0,"reduced",1,0.5,135
0,-0.841931800612047,-1.80434088800981,-9.02268225595468,0.669608458296426,-0.822337380563933,2.1286510642512,11.5826994201419,0,"reduced",1,0.5,136
0,-1.4945407880458,-1.78935282701955,-16.45656980803,0.798544666837479,-0.48360338097301,2.44833789516754,10.3085284526558,0,"reduced",1,0.5,137
0,-0.855755928245832,-1.80592202447441,-10.247070919412,0.672656404638117,-0.814723413021153,2.13491418984728,11.5416359523675,0,"reduced",1,0.5,138
0,-1.76760663005105,-1.78163639328302,-12.7937963059453,0.947258709217681,-0.263167067244584,2.69567896576959,9.80804944875599,0,"reduced",1,0.5,139
0,-0.873407474047235,-1.80915406364166,-8.08676855429193,0.672995840435204,-0.809633074517336,2.13941853389964,11.5086069171363,0,"reduced",1,0.5,140
0,-0.840309166216128,-1.80423045893563,-9.27559554490781,0.670398150926494,-0.81996503495701,2.13089280281271,11.5696640860824,0,"reduced",1,0.5,141
0,-1.87285542175324,-1.77166271691153,-12.0918270682018,0.960442261938165,-0.269806119805381,2.6952303493622,9.61001366520909,0,"reduced",1,0.5,142
0,-4.50847423996294,-1.68607033477106,-19.3016115129751,0.915135755516286,-0.494553425770091,2.48220083099501,7.12131863929438,0,"reduced",1,0.5,143
0,-1.16150155684183,-1.79784123147645,-9.34352043635137,0.704325536131627,-0.707259706590466,2.22960682911569,10.9475266979102,0,"reduced",1,0.5,144
0,-1.61214512424648,-1.78649994592982,-8.63561633922506,0.85300566724667,-0.389257525566503,2.5497239302941,10.0904944351166,0,"reduced",1,0.5,145
0,-4.87471120350173,-1.68748761190717,-12.2386654070469,0.932199989473843,-0.46872320671086,2.51305073741975,7.04883219604249,0,"reduced",1,0.5,146
0,-0.654196118540501,-1.80935929671548,-9.28423115099557,0.649632246627283,-0.904089331543723,2.06179653973935,12.0062946733572,0,"reduced",1,0.5,147
0,-2.85897241359229,-1.65677872029683,-545.624576368074,0.813343981679371,-0.713411241982923,2.24497675185427,8.03399098575142,0,"reduced",1,0.5,148
0,-1.1702572158651,-1.79799434971979,-13.3214499249242,0.706079877804313,-0.701117314387081,2.23521940281915,10.9342011998918,0,"reduced",1,0.5,149
0,-0.921376024972535,-1.864674968315,-9.18941886159164,0.678023722376741,-0.791594780376251,2.1548452298213,11.4184926359156,0,"reduced",1,0.5,150
0,-1.47631618966711,-1.79207139415328,-34.0480680545946,0.791874829532217,-0.496464660439527,2.43493995342128,10.3409382133551,0,"reduced",1,0.5,151
0,-0.630718861403762,-1.81055119865667,-11.6312451110246,0.645878744824167,-0.921064490769447,2.04842743452627,12.1019232804641,0,"reduced",1,0.5,152
0,-1.4306756711692,-1.79085834347385,-8.35684088308605,0.77549942599603,-0.529449618882118,2.40105865768771,10.426757148388,0,"reduced",1,0.5,153
0,-2.00869840346463,-1.75352348025596,-15.2139333263047,0.928241107827505,-0.350447069085036,2.61180118208375,9.35140109034399,0,"reduced",1,0.5,154
0,-2.87782711515591,-1.65264210636533,-54.0181577771256,0.806543756894443,-0.733831525794351,2.22440230829968,8.01225264972126,0,"reduced",1,0.5,155
0,-1.2363379895318,-1.79857246788767,-10.6429560943053,0.721440271414907,-0.657681023427555,2.27553346346299,10.7952947034182,0,"reduced",1,0.5,156
0,-1.58159799038556,-1.78586059648192,-17.3070976936704,0.830065570073021,-0.431092482899817,2.50473656591997,10.1443677428551,0,"reduced",1,0.5,157
0,-1.8316685762882,-1.77829869385266,-10.4412711941992,0.984343005337406,-0.225612381372894,2.74322174620382,9.69207860266911,0,"reduced",1,0.5,158
0,-0.92088617064906,-1.80169903673519,-393.586675071185,0.683035365476357,-0.77434937714444,2.16984763187853,11.4141550642649,0,"reduced",1,0.5,159
0,-0.805054444269667,-1.80500792249792,-23.3318317097657,0.666812437904047,-0.833266244389505,2.11955520935379,11.6382939482067,0,"reduced",1,0.5,160
0,-2.4502745658047,-1.7021531628797,-18.4877884891335,0.865831529403327,-0.542092350303311,2.41751509521939,8.59514898936888,0,"reduced",1,0.5,161
0,-2.27308245428073,-1.72861316806324,-8.18776155523975,0.927648870303444,-0.400893073816769,2.5680118343011,8.89290181198902,0,"reduced",1,0.5,162
0,-0.633985339320353,-1.82079433028553,-10.4917064353863,0.646570289270682,-0.918221300694525,2.0506343895953,12.0860173018926,0,"reduced",1,0.5,163
0,-4.81015521112382,-1.68747198238502,-34.3730410089044,0.928832100060482,-0.473220659287683,2.50738016287928,7.06098655204757,0,"reduced",1,0.5,164
0,-0.856630264185233,-1.80395454819451,-12.3604052022216,0.671499247435319,-0.81531955045755,2.13457363802458,11.5370088671378,0,"reduced",1,0.5,165
0,-1.7574094539203,-1.77867639342859,-12.6551995530123,0.913596739622184,-0.315078433550035,2.63707054452914,9.82092140787975,0,"reduced",1,0.5,166
0,-6.04338092191786,-1.69296602917698,-6826.59000158455,0.957845721401484,-0.433720851434972,2.5560480950822,6.91664161308386,0,"reduced",1,0.5,167
0,-1.127547119603,-1.79872863959801,-8.41199375940367,0.701154728723442,-0.715705643771137,2.22194049632325,11.0050631967264,0,"reduced",1,0.5,168
0,-0.58360813597123,-1.82111291658638,-21.885678254881,0.640758137992031,-0.945335931939612,2.02964351072543,12.2673311143804,0,"reduced",1,0.5,169
0,-0.672914297627982,-1.8079254372433,-9.7080469030075,0.654796047627744,-0.881641833497811,2.07974012522276,11.9408215537483,0,"reduced",1,0.5,170
0,-2.41491589372471,-1.71217262938632,-10.8519510975907,0.89985449625763,-0.471117086724072,2.49462292088214,8.659187382759,0,"reduced",1,0.5,171
0,-2.34836687048886,-1.72759767346261,-9.35418597847861,0.963963802782155,-0.356350484115604,2.62350181676594,8.79064427453863,0,"reduced",1,0.5,172
0,-0.674204637673992,-1.80806189669043,-16.9402395919756,0.654344031073137,-0.883600390151978,2.0781572512528,11.9319956878375,0,"reduced",1,0.5,173
0,-3.60910796562274,-1.68224491445568,-9.62441753044063,0.861466541343101,-0.587380451473497,2.37713968686825,7.48665963107237,0,"reduced",1,0.5,174
0,-1.44153493022212,-1.79067650243083,-8.74443713457207,0.778756639095293,-0.523142974955321,2.40772781521574,10.4135380320616,0,"reduced",1,0.5,175
0,-2.63159724311365,-1.68471688403496,-16.712157702654,0.851654397725853,-0.596167259042356,2.36396743909668,8.33157024912198,0,"reduced",1,0.5,176
0,-0.675801965593317,-1.80844358714699,-14.3553677130542,0.652943950991926,-0.889606304802212,2.07333280167749,11.9298584569725,0,"reduced",1,0.5,177
0,-3.11098644135191,-1.66380683946643,-25.2138451279424,0.822079928171867,-0.685613938324776,2.27294411404483,7.80703161627036,0,"reduced",1,0.5,178
0,-0.570897571892338,-1.81514335840097,-15.5238336810252,0.637813071071816,-0.959787122324923,2.01862691899692,12.3061703618423,0,"reduced",1,0.5,179
0,-1.58366644697233,-1.78769912091972,-9.94806868915371,0.838466383480432,-0.412791750430992,2.5239011557026,10.1422627577597,0,"reduced",1,0.5,180
0,-2.42189348841171,-1.71007086075222,-11.502374821,0.891806177907254,-0.486946372186817,2.47720775405299,8.6461872027707,0,"reduced",1,0.5,181
0,-1.24431299834438,-1.79789942613725,-16.6232905194744,0.723405395955433,-0.652420975770096,2.28049690276038,10.7792265962741,0,"reduced",1,0.5,182
0,-0.678526985297367,-1.80835124767421,-10.5538688463384,0.65370820872867,-0.886307234541018,2.07598177428363,11.9113547668566,0,"reduced",1,0.5,183
0,-1.60320119764612,-1.78637664057684,-10.4950285857617,0.845594936887342,-0.402258929082704,2.53561432839837,10.1090512967603,0,"reduced",1,0.5,184
0,-2.99558977630382,-1.65368984454277,-13.7714258109362,0.819749996806836,-0.709260802775785,2.2536942727822,7.89746386027974,0,"reduced",1,0.5,185
0,-1.11909855498321,-1.79889842501345,-10.9898703282553,0.699825182626321,-0.719961754982408,2.21807651401498,11.0215881936366,0,"reduced",1,0.5,186
0,-1.62587452079619,-1.78265531196226,-11.3026415494311,0.842905973788921,-0.415904808256674,2.5223285696967,10.0599551790659,0,"reduced",1,0.5,187
0,-3.46299705676706,-1.67611564199403,-24.4240170508919,0.85167600778664,-0.613514185400797,2.35065165077998,7.55838313474248,0,"reduced",1,0.5,188
0,-0.831023290883172,-1.80465678557244,-10.6585574637172,0.668610191325744,-0.826702935780428,2.12519355744565,11.6244467777363,0,"reduced",1,0.5,189
0,-1.66312107337783,-1.78532856933395,-11.1591664019711,0.882781553755275,-0.344526304551547,2.59986895362308,9.99730062629731,0,"reduced",1,0.5,190
0,-0.895208861159319,-1.80352565389136,-10.6399862076785,0.675334308254653,-0.801231142746796,2.14655764113862,11.4615791046623,0,"reduced",1,0.5,191
0,-0.593785784576465,-1.81315693489853,-10.6396790157199,0.639200556530063,-0.95290400438134,2.02385630926108,12.2746328961907,0,"reduced",1,0.5,192
0,-1.08753939765908,-1.79942942058166,-11.8672863150325,0.696756579467056,-0.729946268653776,2.20934642144764,11.0837014917633,0,"reduced",1,0.5,193
0,-1.13463568093891,-1.79860515220048,-10.0782710848705,0.701748595320992,-0.713995083356964,2.22348565800025,10.9903340888057,0,"reduced",1,0.5,194
0,-0.678914696624298,-1.80840225041243,-11.5736408969962,0.653090999689841,-0.888973104850238,2.07384057614348,11.9267308052967,0,"reduced",1,0.5,195
0,-0.851838292886506,-1.80370353278306,-9.70187498732637,0.673395704837135,-0.808546134631273,2.14032146883494,11.5481581892804,0,"reduced",1,0.5,196
0,-0.581826312139987,-1.81370415479343,-20.4648953548408,0.639043794734948,-0.951640435506665,2.02498500246164,12.2713350226753,0,"reduced",1,0.5,197
0,-0.56767368296496,-1.8140784632383,-10.3315421968424,0.637292196356722,-0.962373717083099,2.01667304596826,12.3171821964981,0,"reduced",1,0.5,198
0,-0.976532790466542,-1.80159870017793,-14.514880209601,0.683528671157115,-0.772517040237357,2.17138162774505,11.3036156883106,0,"reduced",1,0.5,199
0,-1.47567613687718,-1.79122504869822,-8.83990227104456,0.789603693617521,-0.502572838246537,2.42879569129605,10.3433473059794,0,"reduced",1,0.5,200
0,-0.769482683085229,-1.80770119766046,-26.2101405601148,0.663068475477478,-0.847695261927982,2.10746716264353,11.7076999976982,0,"reduced",1,0.5,201
0,-4.36627673198742,-1.68553051346326,-10.1978915635386,0.909147309076919,-0.504390481287616,2.47100267869807,7.1613851897377,0,"reduced",1,0.5,202
0,-2.81648785469477,-1.65742966071948,-13.4972644521162,0.808775407425726,-0.72162352213757,2.23595733998576,8.08170051472542,0,"reduced",1,0.5,203
0,-2.69404191841998,-1.67761313020365,-10.3126241357158,0.842562750166055,-0.6239636219287,2.33566733785683,8.24581906081901,0,"reduced",1,0.5,204
0,-2.57777976932483,-1.69193716965858,-10.501799555212,0.864298078266466,-0.562450147180758,2.39905931246722,8.40974113410562,0,"reduced",1,0.5,205
0,-2.17561230225703,-1.72466829143654,-86.124448033536,0.858438015397867,-0.51301295043453,2.44011167777031,9.03915499268973,0,"reduced",1,0.5,206
0,-5.39066978881947,-1.68986574103659,-1980.87622840702,0.949389847266652,-0.441822037836567,2.54466426220161,6.99610787314104,0,"reduced",1,0.5,207
0,-0.588238233558069,-1.81248755991578,-10.1093432893429,0.639730331576686,-0.950297770532107,2.0258450898045,12.2572226309831,0,"reduced",1,0.5,208
0,-0.64181875129941,-1.80896002765046,-10.2371370442612,0.650134619258247,-0.901891481290559,2.06353518128074,12.0606762067111,0,"reduced",1,0.5,209
0,-1.62057913271241,-1.78495226354774,-10.1151686335843,0.852210812437554,-0.394397693641059,2.54477453626776,10.0731549047435,0,"reduced",1,0.5,210
0,-4.67150190661193,-1.68660940127071,-18.8735086209562,0.92701098407943,-0.478139172687419,2.50292702302933,7.0891887319477,0,"reduced",1,0.5,211
0,-2.02879019143799,-1.74942432330012,-13.94365582561,0.912661224217135,-0.380874865451217,2.57870813229272,9.31120334069715,0,"reduced",1,0.5,212
0,-0.873943431065732,-1.80676506073058,-32.1187706728262,0.670441848067629,-0.819266168649218,2.13123453221454,11.5644712369872,0,"reduced",1,0.5,213
0,-1.08021882837428,-1.80101852122751,-7.74437193029028,0.695199202688758,-0.734724855942907,2.20480342062961,11.0992730479429,0,"reduced",1,0.5,214
0,-1.34705970739659,-1.79297817845813,-9.03420402001905,0.751609034762962,-0.583182020881366,2.34785095405036,10.5849895186679,0,"reduced",1,0.5,215
0,-0.821371749618534,-1.80481615659901,-19.5814639993259,0.667552413364427,-0.830213998939041,2.12202356427878,11.6174846450043,0,"reduced",1,0.5,216
0,-0.972979978898717,-1.80160589212795,-12.5095562950495,0.683620444623618,-0.772477748174974,2.17153631569333,11.3116731826566,0,"reduced",1,0.5,217
0,-1.43555664454179,-1.79073043116088,-31.0825208188682,0.778178165229153,-0.523992673703515,2.40661850736112,10.4172387580461,0,"reduced",1,0.5,218
0,-2.25663318854551,-1.7195257268327,-22.2606915923472,0.86963816551602,-0.504285202889729,2.45237144829593,8.90279612195916,0,"reduced",1,0.5,219
0,-1.12101652357912,-1.79857840941488,-11.1183833035068,0.70020576800844,-0.719394582422298,2.21857896530707,11.0172386255105,0,"reduced",1,0.5,220
0,-2.15534632101559,-1.74022044561474,-10.7026674190819,0.93416717289025,-0.369660311795548,2.59779405450225,9.09360748124347,0,"reduced",1,0.5,221
0,-3.09808230896289,-1.66005274759386,-9.97019612472941,0.827612090925068,-0.683720564018349,2.27917377182538,7.81462321248532,0,"reduced",1,0.5,222
0,-2.93608971467868,-1.65410403192216,-18.8271275008452,0.814695079207185,-0.725704092692416,2.23724558375714,7.94832505015976,0,"reduced",1,0.5,223
0,-1.66060008218275,-1.78536414452744,-12.2538404177687,0.88200054434178,-0.345710236643855,2.59856478434146,10.0020760661061,0,"reduced",1,0.5,224
0,-0.680800191732277,-1.80791459893562,-26.6149775163334,0.6541453641849,-0.885313962562612,2.07681463969233,11.9051147445229,0,"reduced",1,0.5,225
0,-0.661333421040934,-1.80876506519913,-31.0013188888521,0.653273519084723,-0.88767670545541,2.07491447962838,11.9854857771,0,"reduced",1,0.5,226
0,-2.10228500966163,-1.73528465917295,-14.6023050946032,0.874865359740018,-0.465527851025261,2.48868716184076,9.16918309075433,0,"reduced",1,0.5,227
0,-2.83237121762513,-1.66369784165875,-28.4171242637979,0.819041229515955,-0.695132448332908,2.26334650131107,8.07865950087311,0,"reduced",1,0.5,228
0,-0.674046139511786,-1.80821746389731,-7.19612669445173,0.652894517661176,-0.889467827327358,2.07349505562717,11.9304183755555,0,"reduced",1,0.5,229
0,-1.79134652254039,-1.78149540388003,-10.8780299812537,0.969978670308587,-0.235634192772677,2.72867609283121,9.76653623769667,0,"reduced",1,0.5,230
0,-0.579746319873596,-1.81271650795978,-12.5419464568557,0.639194627290167,-0.953429913558617,2.02360860572491,12.2772382751396,0,"reduced",1,0.5,231
0,-2.57990817098063,-1.69353661528411,-12.9870941780177,0.870595434370854,-0.549366868946831,2.41329277655947,8.41272862559476,0,"reduced",1,0.5,232
0,-1.05759412881008,-1.80011344943418,-38.5062475778641,0.692582961236416,-0.742343071775684,2.1979851924458,11.1428711318259,0,"reduced",1,0.5,233
0,-0.59826815219805,-1.84029673184749,-8.51551724005943,0.641474659480514,-0.941733168915145,2.03241147685127,12.2148174032831,0,"reduced",1,0.5,234
0,-0.649390315258835,-1.80925133454257,-8.20748135850353,0.649840640734962,-0.903073315197124,2.06261826801964,12.0279311579574,0,"reduced",1,0.5,235
0,-1.8337793587152,-1.77594508020587,-44.04481487592,0.962465732542402,-0.257300617720175,2.70687408928421,9.68426059446932,0,"reduced",1,0.5,236
0,-2.18663287916415,-1.72696520003939,-18.6060773519431,0.873902092620588,-0.483254882979814,2.47263308121865,9.02232918641815,0,"reduced",1,0.5,237
0,-0.629861186587609,-1.81405655374823,-11.8098006824953,0.646622695060252,-0.918426071435286,2.05076046737119,12.1007307868878,0,"reduced",1,0.5,238
0,-2.15558520585602,-1.73849578078268,-14.2110220396129,0.923081010169813,-0.387944862980387,2.57703967281831,9.08933302953384,0,"reduced",1,0.5,239
0,-0.885864628826866,-1.81346327561918,-17.5689849325367,0.674396385657169,-0.804864127413019,2.14345403809942,11.4814485778355,0,"reduced",1,0.5,240
0,-1.32501563191615,-1.79353588412172,-10.2961160346692,0.743552548693678,-0.601448803051512,2.32939470613002,10.6253957988724,0,"reduced",1,0.5,241
0,-2.90221979668732,-1.65095739019471,-8.42349721655695,0.805733367989316,-0.738056092487588,2.22041936100421,7.98939678129809,0,"reduced",1,0.5,242
0,-0.580654592475456,-1.81269502972701,-9.48274028033453,0.639109310721896,-0.953324745669382,2.02354052642232,12.272837152505,0,"reduced",1,0.5,243
0,-2.44621227033912,-1.70501735904926,-9.84330530546043,0.876799196243828,-0.519227678329391,2.44234056760705,8.60540125284749,0,"reduced",1,0.5,244
0,-1.15675548245122,-1.80133285958799,-13.6747159585063,0.703816376662021,-0.707796549164202,2.22911937373395,10.9576344772794,0,"reduced",1,0.5,245
0,-1.8680925437549,-1.76589965243968,-10.5268503017693,0.911240192905261,-0.347289187750112,2.60764263255449,9.60879238667226,0,"reduced",1,0.5,246
0,-1.94133094751009,-1.76536474481005,-10.4512082045661,0.969642062758003,-0.272162883189822,2.69713639179497,9.48482394206246,0,"reduced",1,0.5,247
0,-0.637598963576006,-1.81412601412751,-19.0317039007548,0.647203759811023,-0.915067859803591,2.05312694252872,12.0690676988509,0,"reduced",1,0.5,248
0,-1.76729672943564,-1.78121603307855,-12.8754637628754,0.943151814975575,-0.269426769839073,2.68859591700295,9.80797757996059,0,"reduced",1,0.5,249
0,-4.18113715267876,-1.68528827106144,-10.5647704544136,0.905265216258131,-0.511781128663515,2.46353607298036,7.2254322311967,0,"reduced",1,0.5,250
0,-0.636863763612429,-1.80997351123682,-7.21796802372032,0.646985097964679,-0.915679084340238,2.0527045885768,12.0728934855821,0,"reduced",1,0.5,251
0,-1.16671674590919,-1.79790999909665,-12.3401211871633,0.707148836422536,-0.69857924122905,2.2378577319929,10.9290306652797,0,"reduced",1,0.5,252
0,-5.17854040562578,-1.68762719594815,-18.1111523173487,0.940702948074865,-0.456932036447076,2.52738721953274,6.99626075813845,0,"reduced",1,0.5,253
0,-2.45119148548186,-1.70044331475845,-12.5753564929286,0.859436296440244,-0.555894014480001,2.40272889273085,8.59226005638447,0,"reduced",1,0.5,254
0,-0.589413133796088,-1.8121961013702,-12.5601609563522,0.640536729411066,-0.946142363244364,2.02892927177758,12.2433789080941,0,"reduced",1,0.5,255
0,-1.43259501850253,-1.78999122411285,-12.4128251140316,0.773915155371179,-0.535506632409884,2.39513102096797,10.421497878943,0,"reduced",1,0.5,256
0,-0.750206157564693,-1.80608743717656,-12.4214205658753,0.661134034550643,-0.856088018301564,2.10050737881012,11.7486553488042,0,"reduced",1,0.5,257
0,-0.643526334434981,-1.80980428335599,-9.15462085716002,0.648113916892893,-0.910911841757497,2.05641505083783,12.0466187437552,0,"reduced",1,0.5,258
0,-0.831336457712971,-1.8042738191083,-12.1038009642296,0.668961442008039,-0.825454840662104,2.12597802614034,11.5860781567228,0,"reduced",1,0.5,259
0,-2.29691007899451,-1.72143255720906,-10.9817866641709,0.896558537943035,-0.458884203993248,2.50371497933482,8.84476937518543,0,"reduced",1,0.5,260
0,-1.17703971679551,-1.79686230768755,-7.80357815858899,0.707882787902618,-0.697621988069232,2.23843682640827,10.9090061436827,0,"reduced",1,0.5,261
0,-2.15533573669887,-1.73039003150885,-11.7577005746879,0.875915946812949,-0.473549719063775,2.48202350678253,9.07656090888373,0,"reduced",1,0.5,262
0,-1.26453613427756,-1.79751613530266,-7.68309647745945,0.728032484917828,-0.639960549253536,2.29231179312492,10.742279387974,0,"reduced",1,0.5,263
0,-1.89751965782454,-1.76078487084802,-15.0015325687894,0.898758017023866,-0.376445997833611,2.57699908924157,9.55011456783909,0,"reduced",1,0.5,264
0,-2.64725070321746,-1.68193284263623,-7.90487253977435,0.843595435160969,-0.615927462554987,2.34316747483617,8.30897722505604,0,"reduced",1,0.5,265
0,-1.3097214360798,-1.79411703038271,-18.7947056288821,0.738974895145943,-0.612455091693877,2.31869220975419,10.6580519137202,0,"reduced",1,0.5,266
0,-0.600087730250982,-1.81169240979774,-7.58476190641375,0.641933250370685,-0.93994064249642,2.03402638364684,12.2096942740463,0,"reduced",1,0.5,267
0,-0.856026790826173,-1.80415276427855,-11.597482162739,0.671323097492911,-0.816069830391446,2.13395822318809,11.5418869619269,0,"reduced",1,0.5,268
0,-0.865267748529177,-1.86962912949169,-11.2004323712342,0.671131825213155,-0.816715355028537,2.13339035547188,11.5567920278124,0,"reduced",1,0.5,269
0,-1.50676129588032,-1.78773171503897,-9.06254616817776,0.799488690610712,-0.485540268927261,2.44675906602102,10.2829709570092,0,"reduced",1,0.5,270
0,-5.34703808838437,-1.69429868325935,-13.9661615278721,0.946183250377477,-0.448929132895223,2.53708787344134,6.98025019581695,0,"reduced",1,0.5,271
0,-4.50608659908666,-1.68635613746389,-9.92690744533176,0.921368071622588,-0.486662657815608,2.49296819160101,7.12899962321388,0,"reduced",1,0.5,272
0,-2.11121804962005,-1.73217634430365,-18.4271739964207,0.864052660985466,-0.489082955744938,2.4635162810092,9.15129976477426,0,"reduced",1,0.5,273
0,-1.74825882539295,-1.77927138548553,-72.3235828442842,0.910414891905578,-0.318237951575396,2.63311660184513,9.83788530000667,0,"reduced",1,0.5,274
0,-0.659605657845727,-1.80910127524511,-12.4137639492149,0.650774863047781,-0.899172276192054,2.06576900879675,11.9859673038886,0,"reduced",1,0.5,275
0,-1.27318562640413,-1.7956952578076,-14.0593748498021,0.730079898087802,-0.63509704285513,2.29693935065095,10.7238992426275,0,"reduced",1,0.5,276
0,-2.48570914743939,-1.70859366173334,-12.6121054190056,0.910862207236093,-0.461601781845316,2.50802734017084,8.55547869627194,0,"reduced",1,0.5,277
0,-1.12151272292334,-1.79846060912811,-8.88524473493097,0.699631435142155,-0.720187787342789,2.21778170380542,11.0177117546543,0,"reduced",1,0.5,278
0,-1.09457900517755,-1.79922738727581,-9.33357729247139,0.697585096499483,-0.726786457262089,2.21194506319263,11.0697789306861,0,"reduced",1,0.5,279
0,-0.978717095366505,-1.80152454986415,-14.7563367540119,0.684074673489971,-0.770662366603536,2.17300142351768,11.2973187563035,0,"reduced",1,0.5,280
0,-3.02178070984827,-1.65696318588167,-9.40160096423098,0.818156420600151,-0.705083338758973,2.25532103237142,7.87768714038852,0,"reduced",1,0.5,281
0,-2.20479352297418,-1.724428670508,-12.9633345425569,0.867177833843554,-0.500146478599755,2.45496485441056,8.9890575690174,0,"reduced",1,0.5,282
0,-1.8277226008178,-1.78116136659845,-12.8194424821113,1.01263533150348,-0.18703080751247,2.78801185235007,9.70373507943068,0,"reduced",1,0.5,283
0,-2.11099872826612,-1.74321651080599,-12.0073186670612,0.925524824983546,-0.375529326963232,2.58887179949253,9.16759226494861,0,"reduced",1,0.5,284
0,-1.23820580186217,-1.79893806678375,-8.16362916690537,0.721277276967961,-0.660821135388235,2.27284020248998,10.792075131117,0,"reduced",1,0.5,285
0,-3.19974960648295,-1.67593336234238,-15.7853936526091,0.833561283765415,-0.662252159103791,2.29990319732584,7.7382865530703,0,"reduced",1,0.5,286
0,-5.20770156032743,-1.68798732319327,-16.6318672879687,0.9427986949444,-0.453737020113798,2.53128790555903,6.99680170800651,0,"reduced",1,0.5,287
0,-2.06053152635709,-1.74854725122187,-18.5191480468855,0.929479768188509,-0.359102785876209,2.60482103327245,9.25808121944316,0,"reduced",1,0.5,288
0,-0.97558314875233,-1.80167589341578,-11.9362985056531,0.683308413321507,-0.773341955602095,2.17069569992198,11.3148922051632,0,"reduced",1,0.5,289
0,-1.29796129074423,-1.79425956606438,-8.13298791618525,0.736605248167416,-0.618298930916193,2.31312710321742,10.6777934723175,0,"reduced",1,0.5,290
0,-1.77121425112939,-1.78289225701835,-13.4410179628655,0.962048495029774,-0.241668830983523,2.72026070708732,9.8039716726218,0,"reduced",1,0.5,291
0,-4.9373661494645,-1.68953038111415,-9.54877605355597,0.934059742930444,-0.465846719308939,2.51642450698252,7.03816911040533,0,"reduced",1,0.5,292
0,-1.13691394046486,-1.79859520869268,-11.3256704656706,0.701916489499993,-0.713548363344763,2.22391150584817,10.9884531730348,0,"reduced",1,0.5,293
0,-0.619725207278907,-1.81152268149603,-12.7873905542043,0.644541319736372,-0.927336269834604,2.04353635415485,12.134725671371,0,"reduced",1,0.5,294
0,-0.851876017771032,-1.80425431783803,-16.4438070783261,0.670835390723628,-0.818981389899213,2.13141993554032,11.547302496101,0,"reduced",1,0.5,295
0,-0.743288699159085,-1.80628719062069,-13.5711610179264,0.661406229793452,-0.854672189343721,2.10184457313932,11.7587326241771,0,"reduced",1,0.5,296
0,-1.35689501645547,-1.79304484391696,-13.9024565681382,0.752153603517158,-0.581336541691295,2.34911347122953,10.5648232249581,0,"reduced",1,0.5,297
0,-1.19685442665827,-1.79722114104973,-9.24393335193611,0.712039471243307,-0.685940881160334,2.24921666593063,10.8700086674235,0,"reduced",1,0.5,298
0,-2.11750895866656,-1.73782281626996,-9.55377050190237,0.894765699868793,-0.429852487092465,2.52828998868306,9.14995051909633,0,"reduced",1,0.5,299
0,-2.62117373410905,-1.69001901917253,-10.6710577782263,0.869330935412492,-0.557477365856137,2.40568266412851,8.35146321599305,0,"reduced",1,0.5,300
