lambdaA,kN,kA,c,mu,sigma,P0,fit,con,model,epsilon,frac,index
-0.433444957,-2.773564796,-2.253556173,-8.458169067,0.740932338,-0.975689534,1.99299186,5.714383833,0,full,1,0.5,1
-0.373452051,-2.471560757,-1.879373788,-8.021279346,0.756943519,-0.945102257,2.01850488,4.74282297,0,full,1,0.5,2
-0.405103547,-2.598976223,-2.014472954,-6.184229026,0.745163197,-0.964295082,2.001071015,5.076096626,0,full,1,0.5,3
-0.304333548,-2.40438102,-1.661740468,-9.900682731,0.8034385,-0.838927341,2.121895814,4.33000756,0,full,1,0.5,4
-0.412792096,-2.620739554,-2.049435597,-5.312388538,0.743527907,-0.965890852,1.999877537,5.153225053,0,full,1,0.5,5
-0.395679322,-2.523323047,-1.958902029,-7.935736127,0.751424945,-0.956513352,2.007989641,4.939120298,0,full,1,0.5,6
-0.44645126,-2.769159978,-2.269361076,-14.01968264,0.736410294,-0.98540184,1.982140289,5.743096241,0,full,1,0.5,7
-0.369605599,-2.456991484,-1.86351057,-6.062307682,0.756336772,-0.945700669,2.017084551,4.708680002,0,full,1,0.5,8
-0.276770752,-2.352858739,-1.58959477,-27.76660043,0.792976602,-0.854566024,2.103774658,4.312078366,0,full,1,0.5,9
-0.444986213,-2.785517959,-2.273793888,-7.175183524,0.739899573,-0.977272421,1.991620717,5.741766804,0,full,1,0.5,10
-0.423000767,-2.662688431,-2.096113516,-5.504238542,0.742914245,-0.967119103,1.999230901,5.280776198,0,full,1,0.5,11
-0.397531307,-2.579233605,-1.982767276,-6.440952604,0.749401344,-0.955501185,2.00918292,4.999869047,0,full,1,0.5,12
-0.390658706,-2.524868629,-1.944063047,-72.98962529,0.752936512,-0.951944618,2.012013753,4.901818971,0,full,1,0.5,13
-0.406216243,-2.588219792,-2.012959041,-6.222601639,0.744167637,-0.96771059,1.997970477,5.075504349,0,full,1,0.5,14
-0.445177217,-2.765327104,-2.255022731,-7.149442139,0.739968099,-0.979107647,1.989561305,5.693238285,0,full,1,0.5,15
-0.258034329,-2.307254636,-1.536771484,-46.21742893,0.779919187,-0.875697661,2.080650371,4.30723905,0,full,1,0.5,16
-0.441239423,-2.816641547,-2.256053889,-43.43536831,0.741801805,-0.970064106,1.997860937,5.696092597,0,full,1,0.5,17
-0.379422543,-2.516444399,-1.904581785,-13.10476696,0.756968454,-0.942004202,2.020903332,4.80533865,0,full,1,0.5,18
-0.426363204,-2.843398138,-2.261227693,-41.67493247,0.748532177,-0.935232448,2.030030489,5.749030371,0,full,1,0.5,19
-0.406011787,-2.51638684,-1.991027847,-6.246955723,0.747402873,-0.967375196,1.99843155,5.023962364,0,full,1,0.5,20
-0.307419022,-2.403330065,-1.668823945,-14.53085346,0.810221894,-0.829502471,2.132872313,4.342109803,0,full,1,0.5,21
-0.409109653,-2.417617475,-1.944747985,-21.59291337,0.742167539,-0.99310171,1.97494231,4.935335175,0,full,1,0.5,22
-0.446250575,-2.783110643,-2.281176696,-9.667832687,0.740611214,-0.97683847,1.992078058,5.755424402,0,full,1,0.5,23
-0.394684138,-2.554482945,-1.965560971,-11.53106072,0.751239318,-0.954336947,2.010648427,4.953829203,0,full,1,0.5,24
-0.427837253,-2.68333747,-2.132989238,-5.645334974,0.740817404,-0.973938849,1.993479794,5.378329755,0,full,1,0.5,25
-0.436527721,-2.782101315,-2.210416488,-21.73770443,0.742132057,-0.969183042,1.998177228,5.576747241,0,full,1,0.5,26
-0.435173429,-2.694413248,-2.1568035,-7.958413875,0.741322253,-0.976350762,1.991405571,5.430836699,0,full,1,0.5,27
-0.317126124,-2.433084659,-1.754662675,-11.51006289,0.762880029,-0.909093058,2.04911619,4.464092176,0,full,1,0.5,28
-0.446392313,-2.777525506,-2.276355389,-18.04291938,0.738600615,-0.981427893,1.987606517,5.750166215,0,full,1,0.5,29
-0.201615363,-2.366306047,-1.438434618,-8.795088017,0.788750257,-0.853583535,2.102207911,4.398526701,0,full,1,0.5,30
-0.343242335,-2.429058422,-1.794768326,-13.33398807,0.752846177,-0.94654277,2.014921332,4.543098913,0,full,1,0.5,31
-0.432529648,-2.699583045,-2.152042162,-9.752572262,0.742194586,-0.971819429,1.995493652,5.420366832,0,full,1,0.5,32
-0.427599148,-2.714320673,-2.153451844,-16.63496994,0.74380256,-0.962044479,2.004139671,5.429112736,0,full,1,0.5,33
-0.325186226,-2.434090053,-1.77197317,-9.475946875,0.75898112,-0.922106018,2.037090588,4.494634928,0,full,1,0.5,34
-0.444093959,-2.765618004,-2.257042959,-7.976823163,0.736839279,-0.982331769,1.98457938,5.710343854,0,full,1,0.5,35
-0.435286153,-2.693804444,-2.153619591,-26.96187122,0.741302931,-0.977230367,1.990585272,5.423200916,0,full,1,0.5,36
-0.392087695,-2.559857078,-1.958069708,-5.156636656,0.751148228,-0.951299702,2.013473026,4.949470502,0,full,1,0.5,37
-0.439630544,-2.740539104,-2.216327469,-11.81954525,0.738886877,-0.9778393,1.988836702,5.596522278,0,full,1,0.5,38
-0.424502587,-2.770280976,-2.154417158,-8.330335597,0.74453677,-0.957007087,2.008626841,5.439906703,0,full,1,0.5,39
-0.442227174,-2.764037137,-2.249232832,-7.989909373,0.740905457,-0.97578785,1.992826066,5.674808716,0,full,1,0.5,40
-0.441015934,-2.749896754,-2.228407872,-6.340063417,0.739975297,-0.97676963,1.991731155,5.624379047,0,full,1,0.5,41
-0.400545598,-2.55347749,-1.985823485,-27.82334352,0.745241441,-0.965894455,1.99925814,5.007312547,0,full,1,0.5,42
-0.325048994,-2.443829651,-1.783864031,-6.28906428,0.759856332,-0.916940127,2.041940105,4.514989651,0,full,1,0.5,43
-0.398656438,-2.569856538,-1.978418566,-6.455669701,0.749431467,-0.957629174,2.007014236,4.989437112,0,full,1,0.5,44
-0.397415243,-2.619615013,-2.013679628,-6.937772973,0.748318645,-0.94754343,2.015964187,5.082459707,0,full,1,0.5,45
-0.408325602,-2.626415853,-2.041213044,-10.951196,0.744984905,-0.961193862,2.003943427,5.138976508,0,full,1,0.5,46
-0.443343235,-2.784190962,-2.265250829,-11.26188078,0.741511443,-0.972617509,1.995824194,5.717534045,0,full,1,0.5,47
-0.42673825,-2.679783199,-2.118281942,-16.51258764,0.742917987,-0.969512154,1.997237964,5.32804146,0,full,1,0.5,48
-0.293379929,-2.411625704,-1.646212153,-16.73473287,0.790712078,-0.856847483,2.101577076,4.32691158,0,full,1,0.5,49
-0.423710928,-2.664743184,-2.104818368,-17.50673124,0.743023204,-0.969561589,1.997083629,5.293835338,0,full,1,0.5,50
-0.42456081,-2.666296659,-2.106501312,-4.943757189,0.741773403,-0.970988305,1.995935261,5.316669162,0,full,1,0.5,51
-0.350979687,-2.466836527,-1.831138934,-8.160732386,0.757564917,-0.933974934,2.027226376,4.627432584,0,full,1,0.5,52
-0.371457715,-2.364006052,-1.84539054,-7.312106944,0.756156674,-0.955804323,2.008095102,4.664442594,0,full,1,0.5,53
-0.436742858,-2.785087877,-2.246313582,-8.401549007,0.743036407,-0.962324263,2.004655666,5.678291853,0,full,1,0.5,54
-0.415347044,-2.622070632,-2.058739093,-29.85815104,0.743328749,-0.969127879,1.997036339,5.175504422,0,full,1,0.5,55
-0.397458851,-2.578305961,-1.983346554,-21.962584,0.749939055,-0.954242698,2.009996626,4.997394893,0,full,1,0.5,56
-0.443708598,-2.788114808,-2.268176957,-8.246694289,0.741052782,-0.9736285,1.994820665,5.725895303,0,full,1,0.5,57
-0.360020593,-2.547775409,-1.899118839,-9.681464732,0.758367875,-0.918047102,2.04203245,4.809128,0,full,1,0.5,58
-0.263816066,-2.339291758,-1.561990068,-15.61564668,0.779288909,-0.875495303,2.080859562,4.310414327,0,full,1,0.5,59
-0.405362188,-2.53031753,-1.995789976,-9.979013927,0.745311909,-0.969539311,1.996248161,5.032525316,0,full,1,0.5,60
-0.387913648,-2.485949994,-1.92437215,-10.37439205,0.750860616,-0.957844702,2.006313981,4.85808412,0,full,1,0.5,61
-0.438001792,-2.792341986,-2.242084862,-16.78774179,0.742574189,-0.965626341,2.001672667,5.662907541,0,full,1,0.5,62
-0.310242606,-2.423182146,-1.717302119,-11.35374938,0.778809197,-0.877877401,2.080076193,4.404206298,0,full,1,0.5,63
-0.420751447,-2.728145392,-2.163743308,-19.80982716,0.743136266,-0.962826472,2.003492169,5.479700468,0,full,1,0.5,64
-0.272244953,-2.40683097,-1.587222709,-51.40474867,0.792593822,-0.851397221,2.106407134,4.313250999,0,full,1,0.5,65
-0.4163736,-2.603645198,-2.048551489,-4.891193881,0.742039697,-0.972949418,1.993800506,5.168656608,0,full,1,0.5,66
-0.429887481,-2.707231608,-2.160733854,-12.84223581,0.742282331,-0.970825433,1.99637402,5.447546297,0,full,1,0.5,67
-0.387422266,-2.514700556,-1.928293963,-10.37844945,0.754824567,-0.948710962,2.014963265,4.863757898,0,full,1,0.5,68
-0.441450086,-2.781571669,-2.261912032,-19.55795615,0.737763169,-0.98038813,1.988636591,5.719818989,0,full,1,0.5,69
-0.247351824,-2.292569724,-1.508841329,-57.53813725,0.778116166,-0.879075672,2.077004862,4.317901351,0,full,1,0.5,70
-0.428875804,-2.897171705,-2.235859969,-9.186547111,0.743035812,-0.961915756,2.004853437,5.675197413,0,full,1,0.5,71
-0.401801701,-2.514544111,-1.97589528,-10.08439823,0.749607298,-0.962580177,2.002644714,4.983743478,0,full,1,0.5,72
-0.374455882,-2.502802797,-1.889856128,-31.82632914,0.755301522,-0.944849006,2.017944523,4.767734119,0,full,1,0.5,73
-0.358490799,-2.452576518,-1.837178365,-14.24068228,0.751472937,-0.950414647,2.011808837,4.641516174,0,full,1,0.5,74
-0.403296085,-2.552295864,-1.992369651,-7.661370761,0.748479288,-0.96166214,2.003475143,5.021588909,0,full,1,0.5,75
-0.41685799,-2.625576507,-2.062286678,-6.167394719,0.742717276,-0.971280907,1.99511141,5.191434208,0,full,1,0.5,76
-0.353903114,-2.437284209,-1.822529249,-9.767272334,0.756596663,-0.942788684,2.019179566,4.600812384,0,full,1,0.5,77
-0.439421393,-2.787265699,-2.237612985,-7.012620236,0.741884804,-0.968942567,1.998466127,5.651849592,0,full,1,0.5,78
-0.305642328,-2.414160926,-1.699837012,-8.63678379,0.778270146,-0.878443751,2.079297933,4.388263754,0,full,1,0.5,79
-0.436394613,-2.719611092,-2.181134323,-6.071460186,0.741650879,-0.972654122,1.99505737,5.497524927,0,full,1,0.5,80
-0.404977867,-2.590963614,-2.000680367,-10.51154553,0.750722565,-0.954815711,2.009818006,5.043335172,0,full,1,0.5,81
-0.374677862,-2.460567405,-1.871518001,-5.98467485,0.756097825,-0.949671875,2.013986138,4.732662479,0,full,1,0.5,82
-0.43892109,-2.744623392,-2.218471146,-8.668328534,0.741089558,-0.974377461,1.99351016,5.596070581,0,full,1,0.5,83
-0.3789127,-2.456608559,-1.885287101,-5.30831045,0.754857353,-0.951052079,2.012630693,4.76979787,0,full,1,0.5,84
-0.371197872,-2.49254737,-1.877888227,-34.2459199,0.756576704,-0.943107486,2.019548441,4.736801241,0,full,1,0.5,85
-0.409126409,-2.613554107,-2.03547267,-12.8580862,0.744072628,-0.96682371,1.998883256,5.119787766,0,full,1,0.5,86
-0.438921296,-2.736076027,-2.206027904,-7.206870317,0.74156349,-0.97334286,1.994606965,5.559498051,0,full,1,0.5,87
-0.418919336,-2.643683435,-2.076022572,-17.15450556,0.743461973,-0.968361381,1.997884563,5.216815852,0,full,1,0.5,88
-0.432972939,-2.955632558,-2.270993858,-27.83467035,0.743498944,-0.957776381,2.008793358,5.760735441,0,full,1,0.5,89
-0.369582327,-2.491481865,-1.873812631,-16.78648836,0.756919008,-0.941823592,2.020705583,4.727204667,0,full,1,0.5,90
-0.20929898,-2.295823809,-1.456941969,-36.09418424,0.783914796,-0.866781441,2.089239027,4.371029116,0,full,1,0.5,91
-0.240468739,-2.275657217,-1.49010429,-5.377576359,0.776731723,-0.881865353,2.073513493,4.338091216,0,full,1,0.5,92
-0.443108227,-2.757472886,-2.241127032,-24.2229006,0.7409321,-0.975818419,1.992322226,5.653280398,0,full,1,0.5,93
-0.391900743,-2.648164161,-2.02636352,-10.24338086,0.749096992,-0.936621181,2.025693009,5.12219785,0,full,1,0.5,94
-0.439469077,-2.736755818,-2.209967617,-68.47833261,0.741610828,-0.97366576,1.994304891,5.560300345,0,full,1,0.5,95
-0.399642525,-2.608897134,-2.009405372,-23.01769701,0.746223427,-0.956495701,2.007866958,5.076313313,0,full,1,0.5,96
-0.417483503,-2.633879556,-2.067151489,-7.940848234,0.743436447,-0.968741896,1.997479195,5.195379782,0,full,1,0.5,97
-0.413848349,-2.626449812,-2.056767492,-22.82992544,0.743705671,-0.967717979,1.998285954,5.172448533,0,full,1,0.5,98
-0.408215156,-2.546519649,-2.011716745,-7.969414427,0.745761658,-0.968684274,1.997237753,5.067260612,0,full,1,0.5,99
-0.432085878,-2.735963715,-2.164384822,-9.069568443,0.742763435,-0.968096893,1.998876649,5.451538588,0,full,1,0.5,100
-0.395324104,-2.554712132,-1.96253342,-6.766062993,0.753218015,-0.950261321,2.013745855,4.944971962,0,full,1,0.5,101
-0.404466499,-2.580255658,-2.005767166,-25.98023255,0.746270989,-0.96431838,2.001004909,5.052642026,0,full,1,0.5,102
-0.216363882,-2.295471276,-1.463719838,-10.99751987,0.783479337,-0.867846935,2.088176449,4.358119266,0,full,1,0.5,103
-0.430142929,-2.686776992,-2.137342489,-6.401180865,0.741848779,-0.972245531,1.994772403,5.38316375,0,full,1,0.5,104
-0.442146821,-2.771340198,-2.247407282,-9.261706467,0.741367796,-0.973263188,1.994981068,5.669178262,0,full,1,0.5,105
-0.437860274,-2.66008299,-2.135125711,-7.11958815,0.740146634,-0.986074046,1.982812656,5.381725904,0,full,1,0.5,106
-0.414349026,-2.641222864,-2.060735127,-5.870085307,0.743815063,-0.96487283,2.000921434,5.192280653,0,full,1,0.5,107
-0.184327197,-2.431382755,-1.438951152,-29.78542016,0.791295756,-0.845873338,2.110096304,4.397861294,0,full,1,0.5,108
-0.433807439,-2.705614826,-2.166962065,-6.15575902,0.741844623,-0.972744155,1.994860465,5.453828597,0,full,1,0.5,109
-0.318985867,-2.438978771,-1.760796621,-8.864999561,0.76326914,-0.907985773,2.05022478,4.479423068,0,full,1,0.5,110
-0.439660305,-2.760597239,-2.233490119,-7.151652347,0.74173304,-0.970852295,1.997016531,5.636141912,0,full,1,0.5,111
-0.268572487,-2.327123513,-1.564458394,-444.6068518,0.788021906,-0.863088339,2.094786691,4.309940532,0,full,1,0.5,112
-0.426517047,-2.695988837,-2.135814572,-7.916980631,0.742237594,-0.970582626,1.996166083,5.383055635,0,full,1,0.5,113
-0.409579211,-2.71098635,-2.106081319,-12.05368205,0.747246882,-0.942841228,2.020858368,5.329091741,0,full,1,0.5,114
-0.445362586,-2.784415528,-2.275625704,-26.97154478,0.740778533,-0.976021677,1.992765063,5.742535781,0,full,1,0.5,115
-0.404544939,-2.564456908,-2.008130222,-6.735797732,0.747380293,-0.962610219,2.002633763,5.047931499,0,full,1,0.5,116
-0.354569557,-2.433307122,-1.822369439,-6.760230215,0.756276635,-0.943795132,2.018285011,4.603066133,0,full,1,0.5,117
-0.438207638,-2.737093847,-2.207788064,-5.766790623,0.740824399,-0.974801905,1.993348833,5.574876566,0,full,1,0.5,118
-0.332475503,-2.433515397,-1.7847512,-10.73334181,0.756202252,-0.932540565,2.027581725,4.515239395,0,full,1,0.5,119
-0.298968591,-2.405104951,-1.659613893,-14.34307115,0.795798992,-0.849986581,2.109389901,4.327846953,0,full,1,0.5,120
-0.382248547,-2.527318131,-1.911855952,-28.83183863,0.753884913,-0.947779639,2.015521262,4.848303921,0,full,1,0.5,121
-0.365379368,-2.48305873,-1.860597427,-7.392850452,0.75807518,-0.938461784,2.02370673,4.697972356,0,full,1,0.5,122
-0.219098344,-2.298241753,-1.424115508,-6.863824236,0.786756334,-0.860145354,2.095466846,4.419007645,0,full,1,0.5,123
-0.373479832,-2.502432278,-1.8876183,-9.271667513,0.756806201,-0.942128554,2.020802848,4.761586419,0,full,1,0.5,124
-0.438908104,-2.746006523,-2.221707227,-6.937717247,0.740252249,-0.976060642,1.991658117,5.61099491,0,full,1,0.5,125
-0.431610245,-2.693873333,-2.147685648,-21.24346093,0.742386908,-0.971466932,1.995750899,5.401458356,0,full,1,0.5,126
-0.429072158,-2.77864197,-2.201429694,-10.05418592,0.742572681,-0.967462174,1.999795635,5.570054315,0,full,1,0.5,127
-0.369638647,-2.395228331,-1.849330783,-7.676118152,0.755437902,-0.953183486,2.010266444,4.672843122,0,full,1,0.5,128
-0.43216574,-2.703432797,-2.158236295,-9.742783717,0.741821885,-0.97266047,1.994796182,5.440867388,0,full,1,0.5,129
-0.305729636,-2.415048865,-1.708078181,-25.2257857,0.775448961,-0.883101208,2.074473718,4.394947395,0,full,1,0.5,130
-0.428435883,-2.684620313,-2.126446192,-7.254884933,0.74274189,-0.97003392,1.996870118,5.349992725,0,full,1,0.5,131
-0.436262833,-2.726051372,-2.192715808,-5.972215532,0.741049991,-0.974607343,1.993439143,5.534000325,0,full,1,0.5,132
-0.339215784,-2.434505081,-1.79647757,-14.37010086,0.754945909,-0.940254954,2.021432628,4.540060254,0,full,1,0.5,133
-0.426380228,-2.652883552,-2.109320286,-8.258192787,0.742650643,-0.971590713,1.99533161,5.306929203,0,full,1,0.5,134
-0.422919294,-2.746830022,-2.163284375,-6.519578701,0.745383786,-0.950269669,2.014729927,5.472871621,0,full,1,0.5,135
-0.442488417,-2.762893348,-2.249460457,-34.25130883,0.741047493,-0.975451186,1.993064569,5.670885371,0,full,1,0.5,136
-0.39474239,-2.400091255,-1.918783227,-18.77512266,0.753843726,-0.963311886,2.002063131,4.846703554,0,full,1,0.5,137
-0.260725833,-2.319153286,-1.539285231,-10.35833587,0.776635886,-0.880643167,2.075492406,4.311935638,0,full,1,0.5,138
-0.422940367,-2.668484706,-2.095532689,-46.37286542,0.743383288,-0.967753984,1.998585973,5.26699191,0,full,1,0.5,139
-0.426388274,-2.840093959,-2.263531704,-7.893259203,0.743544482,-0.957951921,2.00872875,5.759336172,0,full,1,0.5,140
-0.407247052,-2.514157025,-1.99600047,-16.02809681,0.746873379,-0.969123764,1.996819466,5.032895672,0,full,1,0.5,141
-0.425327264,-2.703997312,-2.140932655,-28.43542437,0.743757186,-0.963177683,2.003037591,5.3955418,0,full,1,0.5,142
-0.372686853,-2.476440459,-1.878300423,-53.33593608,0.756709507,-0.944508575,2.018444925,4.739801445,0,full,1,0.5,143
-0.440300712,-2.744958604,-2.224629419,-9.203431472,0.736794559,-0.981932226,1.985995252,5.620156332,0,full,1,0.5,144
-0.432769004,-2.711870071,-2.168970235,-9.735997874,0.742247524,-0.971189331,1.996194537,5.464161193,0,full,1,0.5,145
-0.441558496,-2.750443437,-2.232171989,-16.87394961,0.741593652,-0.974141858,1.994258097,5.617295395,0,full,1,0.5,146
-0.427483071,-2.725546874,-2.136432918,-36.83461865,0.743298624,-0.96608712,2.000416964,5.37955167,0,full,1,0.5,147
-0.433708012,-2.69210354,-2.152152149,-7.774445562,0.741304432,-0.975870393,1.991806807,5.420208479,0,full,1,0.5,148
-0.319712889,-2.439946494,-1.767271036,-8.694452146,0.762187502,-0.910280545,2.048017265,4.486084985,0,full,1,0.5,149
-0.437080286,-2.760429683,-2.240546799,-7.196163492,0.740472138,-0.976322351,1.992266471,5.666681852,0,full,1,0.5,150
-0.436738472,-2.762875889,-2.206056001,-12.75106807,0.742236935,-0.96951428,1.997962124,5.562434052,0,full,1,0.5,151
-0.426507638,-2.699970522,-2.153777857,-15.95905847,0.742028224,-0.972886949,1.994535916,5.437589265,0,full,1,0.5,152
-0.39071463,-2.541026125,-1.944802738,-6.965002399,0.752077425,-0.952867732,2.011116798,4.906313311,0,full,1,0.5,153
-0.399457747,-2.547378251,-1.978814917,-24.63971921,0.749609315,-0.958928553,2.00583556,4.987700638,0,full,1,0.5,154
-0.417947518,-2.705789767,-2.10417712,-8.208948251,0.745494772,-0.955090678,2.010017091,5.304961019,0,full,1,0.5,155
-0.419885518,-2.788331931,-2.175402664,-6.589377386,0.746829934,-0.941255155,2.022869525,5.515835457,0,full,1,0.5,156
-0.378810572,-2.477931594,-1.894131749,-6.513519177,0.755605032,-0.947921869,2.015438808,4.782491316,0,full,1,0.5,157
-0.44393719,-2.793881053,-2.287289528,-31.15651511,0.741043414,-0.973896454,1.994429719,5.722088571,0,full,1,0.5,158
-0.336345118,-2.432678339,-1.790211403,-37.65929847,0.7555345,-0.936814907,2.023793382,4.524949396,0,full,1,0.5,159
-0.414485533,-2.702862118,-2.099156994,-8.5390978,0.74607075,-0.950367485,2.014064416,5.296957445,0,full,1,0.5,160
-0.368476462,-2.419333591,-1.852098782,-6.295404648,0.7493163,-0.959814083,2.003545638,4.686977167,0,full,1,0.5,161
-0.432509685,-2.721778386,-2.184278629,-7.015222431,0.741771617,-0.97327035,1.994596665,5.513723382,0,full,1,0.5,162
-0.441644797,-2.702632992,-2.181947512,-5.243145157,0.737245281,-0.986353735,1.981568531,5.518837739,0,full,1,0.5,163
-0.442372972,-2.783096185,-2.235917773,-19.21296122,0.741159929,-0.975236816,1.993154161,5.643107983,0,full,1,0.5,164
-0.40120136,-2.585533339,-1.996233852,-7.675274727,0.748128176,-0.959025298,2.005876038,5.028653464,0,full,1,0.5,165
-0.351243031,-2.445291426,-1.814336706,-4.701343757,0.754360452,-0.943732528,2.01896722,4.602154843,0,full,1,0.5,166
-0.428256398,-2.595931465,-2.063867423,-28.15698728,0.739334328,-0.995446728,1.973858982,5.205930449,0,full,1,0.5,167
-0.417272007,-2.614542935,-2.057521998,-5.739763994,0.742267281,-0.972632494,1.993732819,5.182320828,0,full,1,0.5,168
-0.395911924,-2.561832107,-1.970494639,-19.60793206,0.75092163,-0.954289728,2.009996087,4.965302715,0,full,1,0.5,169
-0.43347343,-2.724016381,-2.191924715,-6.363248358,0.737064891,-0.9809688,1.986561608,5.547297507,0,full,1,0.5,170
-0.362194892,-2.471726614,-1.850040337,-6.697814253,0.755442025,-0.943370964,2.018825999,4.672514816,0,full,1,0.5,171
-0.425757918,-2.84738199,-2.224797086,-15.0190943,0.745076336,-0.950334343,2.015139493,5.643629045,0,full,1,0.5,172
-0.380017633,-2.520357508,-1.908860152,-5.990471626,0.754965768,-0.945133991,2.018174921,4.823172885,0,full,1,0.5,173
-0.202782953,-2.360326857,-1.436770321,-5.807051129,0.7878135,-0.855475273,2.100425701,4.402905231,0,full,1,0.5,174
-0.322304402,-2.424941015,-1.761875832,-8.811266193,0.762109734,-0.914239556,2.044507218,4.478538254,0,full,1,0.5,175
-0.440744698,-2.737768462,-2.211671052,-5.495752934,0.740358956,-0.976109202,1.992286474,5.582417014,0,full,1,0.5,176
-0.441590264,-2.741005457,-2.219919939,-6.336046343,0.739605112,-0.978351447,1.989952368,5.602375286,0,full,1,0.5,177
-0.429893354,-2.7208942,-2.160951238,-6.747036876,0.743500989,-0.963271521,2.003183214,5.460020194,0,full,1,0.5,178
-0.406749579,-2.605219373,-2.022748134,-56.94329578,0.744859843,-0.965742763,1.999868653,5.093138297,0,full,1,0.5,179
-0.431648415,-2.690785579,-2.14415899,-12.0769703,0.742234068,-0.972319828,1.994979526,5.394857627,0,full,1,0.5,180
-0.372549627,-2.488156874,-1.881619399,-30.13839928,0.756708642,-0.943129155,2.019607809,4.747124803,0,full,1,0.5,181
-0.42312355,-2.656271226,-2.094656047,-20.51311153,0.742255784,-0.970729726,1.995854023,5.265743975,0,full,1,0.5,182
-0.425765033,-2.637620039,-2.084163903,-5.672295099,0.741109285,-0.978102882,1.989134053,5.251154711,0,full,1,0.5,183
-0.401709422,-2.580744335,-1.990195252,-5.950257613,0.749192645,-0.95724269,2.007474376,5.02073507,0,full,1,0.5,184
-0.442363851,-2.755950302,-2.23972116,-7.92366498,0.739125195,-0.97804633,1.989296321,5.656506911,0,full,1,0.5,185
-0.392229986,-2.556358511,-1.960111909,-6.70868233,0.749729552,-0.955577197,2.008689222,4.944190675,0,full,1,0.5,186
-0.361397721,-2.510810177,-1.87286469,-6.500851871,0.757958593,-0.930056519,2.031743818,4.738381342,0,full,1,0.5,187
-0.380948294,-2.522882165,-1.935183579,-29.33230647,0.754544406,-0.939478897,2.023022742,4.890427659,0,full,1,0.5,188
-0.372083402,-2.491882963,-1.880947764,-7.957168668,0.749151392,-0.954563828,2.00836318,4.752251895,0,full,1,0.5,189
-0.369724392,-2.383512553,-1.843922033,-36.02085295,0.75615944,-0.953419279,2.010166986,4.670316382,0,full,1,0.5,190
-0.349001654,-2.470365454,-1.829569601,-12.03862182,0.757486753,-0.932284999,2.028582931,4.625076305,0,full,1,0.5,191
-0.414927293,-2.63196917,-2.059001684,-9.804764273,0.743796305,-0.967169709,1.998791258,5.175694837,0,full,1,0.5,192
-0.41123523,-2.620474323,-2.043952013,-10.03484513,0.743989138,-0.966837461,1.998949245,5.139862588,0,full,1,0.5,193
-0.437762111,-2.730230598,-2.198156556,-19.69257873,0.741658978,-0.973512682,1.994374268,5.537661438,0,full,1,0.5,194
-0.316851499,-2.415532393,-1.699283556,-7.013845677,0.796717557,-0.853021957,2.107453733,4.381054418,0,full,1,0.5,195
-0.407650813,-2.609736555,-2.028839217,-6.993115294,0.7445119,-0.965493115,2.000135724,5.106618886,0,full,1,0.5,196
-0.419909657,-2.657645668,-2.082037042,-12.85686763,0.744128714,-0.96641841,1.999653367,5.234759181,0,full,1,0.5,197
-0.281035586,-2.351292457,-1.603016221,-10.40320524,0.792668358,-0.855731678,2.10275392,4.313978919,0,full,1,0.5,198
-0.423073253,-2.71014234,-2.181201322,-9.086153646,0.743681022,-0.964224824,2.001849911,5.342271107,0,full,1,0.5,199
-0.43608793,-2.731129103,-2.19612441,-5.994783139,0.742047718,-0.969434732,1.997971028,5.527312713,0,full,1,0.5,200
-0.432979247,-2.938545285,-2.251998898,-10.67589014,0.743858479,-0.95672639,2.009636001,5.704403679,0,full,1,0.5,201
-0.384885753,-2.530649742,-1.924120087,-6.469417106,0.754866525,-0.946237378,2.017134738,4.85569185,0,full,1,0.5,202
-0.433887275,-2.7453577,-2.198266896,-14.44660244,0.7423903,-0.969103013,1.998280697,5.546381091,0,full,1,0.5,203
-0.433214771,-2.713000028,-2.170105158,-8.202538054,0.742267422,-0.970974717,1.996399345,5.467042177,0,full,1,0.5,204
-0.433248691,-2.689859608,-2.14731891,-4.78666867,0.738157248,-0.979613973,1.988675132,5.431237038,0,full,1,0.5,205
-0.432702202,-2.694791086,-2.154763506,-5.859071422,0.737417878,-0.97911037,1.986007482,5.444684725,0,full,1,0.5,206
-0.311185661,-2.42350039,-1.714757387,-9.657313633,0.782281436,-0.872214655,2.086035849,4.400168281,0,full,1,0.5,207
-0.385235833,-2.535866116,-1.930445287,-11.29280087,0.754198498,-0.947072262,2.016305331,4.867194409,0,full,1,0.5,208
-0.265024607,-2.414898362,-1.571659823,-26.08903409,0.786415431,-0.859751386,2.096933145,4.312874481,0,full,1,0.5,209
-0.440981659,-2.737885943,-2.219121693,-11.6716499,0.739594244,-0.977608937,1.9896971,5.599500016,0,full,1,0.5,210
-0.40494372,-2.617238804,-2.027205704,-6.414300818,0.74559773,-0.959532327,2.0057727,5.110659064,0,full,1,0.5,211
-0.425626329,-2.66918157,-2.111633911,-6.453491365,0.742805578,-0.970160804,1.996601702,5.315818559,0,full,1,0.5,212
-0.275347274,-2.3398744,-1.585161736,-7.627589892,0.790124075,-0.859638357,2.098353269,4.312426391,0,full,1,0.5,213
-0.445399687,-2.78393103,-2.276518123,-51.83885734,0.740784579,-0.975746345,1.993009429,5.745017444,0,full,1,0.5,214
-0.444102518,-2.807722668,-2.277347173,-12.99016404,0.741189128,-0.973203932,1.995255145,5.749860003,0,full,1,0.5,215
-0.432056326,-2.709559808,-2.148166728,-6.755927411,0.742464056,-0.969946322,1.997129147,5.411883472,0,full,1,0.5,216
-0.424240856,-2.658199934,-2.096645582,-6.256457775,0.742726407,-0.970038315,1.996594486,5.274983732,0,full,1,0.5,217
-0.231089249,-2.286999449,-1.487227991,-17.71644287,0.781047449,-0.873309256,2.082813786,4.334039365,0,full,1,0.5,218
-0.42740569,-2.677614735,-2.120650832,-8.691715877,0.742543128,-0.970507672,1.996339483,5.333856425,0,full,1,0.5,219
-0.368473486,-2.488032421,-1.869663274,-6.60078741,0.75675087,-0.941832892,2.020694662,4.719967314,0,full,1,0.5,220
-0.351611947,-2.416614475,-1.8109261,-29.7901495,0.754632691,-0.947269758,2.014798975,4.581199744,0,full,1,0.5,221
-0.219077307,-2.285984771,-1.459100642,-8.231546016,0.783139288,-0.868854094,2.087117921,4.363920964,0,full,1,0.5,222
-0.436742861,-2.866330335,-2.252928019,-9.829217302,0.741993532,-0.963430545,2.003230351,5.700437334,0,full,1,0.5,223
-0.432032661,-2.946250301,-2.281106576,-15.71731897,0.745007622,-0.948195144,2.017417783,5.789483556,0,full,1,0.5,224
-0.431041383,-2.667424311,-2.121683165,-6.298578855,0.741317705,-0.976720892,1.990731085,5.343125275,0,full,1,0.5,225
-0.389827947,-2.595013356,-1.983033867,-11.49907482,0.75085741,-0.942912515,2.019978261,5.004489481,0,full,1,0.5,226
-0.429267358,-2.698567219,-2.136194976,-7.324710349,0.742627389,-0.969746154,1.997190232,5.376972453,0,full,1,0.5,227
-0.409782809,-2.624894092,-2.043761295,-8.49155138,0.74450993,-0.963379117,2.002015855,5.144037982,0,full,1,0.5,228
-0.354379791,-2.453098983,-1.826151232,-5.930077589,0.75661664,-0.940980327,2.020901806,4.613565944,0,full,1,0.5,229
-0.197219562,-2.374140611,-1.454094999,-12.52912334,0.787693213,-0.855491181,2.100451795,4.379509415,0,full,1,0.5,230
-0.28426866,-2.408028715,-1.647188032,-15.16578558,0.775657584,-0.880179635,2.076454879,4.324121544,0,full,1,0.5,231
-0.430943064,-2.752657678,-2.183460049,-10.83294598,0.743653255,-0.961366114,2.004980581,5.509319374,0,full,1,0.5,232
-0.419592481,-2.647363294,-2.074014356,-7.294909793,0.745688242,-0.962447608,2.003309224,5.217559251,0,full,1,0.5,233
-0.412790409,-2.665676699,-2.070726817,-5.037687031,0.744947827,-0.953635406,2.011081098,5.234126671,0,full,1,0.5,234
-0.248113816,-2.321187213,-1.519210692,-29.09009687,0.779216996,-0.875041338,2.080891335,4.313465454,0,full,1,0.5,235
-0.385346676,-2.517728845,-1.924366276,-7.323697945,0.754252131,-0.948812495,2.014755349,4.854142017,0,full,1,0.5,236
-0.42079782,-2.650336324,-2.084327467,-13.81423178,0.743416211,-0.9681745,1.998118602,5.237713976,0,full,1,0.5,237
-0.418179508,-2.692616871,-2.098776578,-6.164235204,0.743353292,-0.966024211,2.000241823,5.295300665,0,full,1,0.5,238
-0.418553508,-2.659141532,-2.084107663,-9.196167327,0.744427223,-0.962080755,2.003575244,5.241910186,0,full,1,0.5,239
-0.203704123,-2.352718088,-1.454856038,-13.90959564,0.7866606,-0.858519675,2.097377581,4.372708855,0,full,1,0.5,240
-0.400837484,-2.581452098,-1.999771552,-11.38131625,0.745029371,-0.964040492,2.000934134,5.028044712,0,full,1,0.5,241
-0.412792809,-2.635621643,-2.059995003,-8.378777821,0.744650036,-0.962552857,2.002877865,5.176520058,0,full,1,0.5,242
-0.444027057,-2.79472831,-2.267771612,-78.52508442,0.738394325,-0.978669799,1.988944045,5.734712312,0,full,1,0.5,243
-0.431038829,-2.679836934,-2.12375319,-7.546151127,0.748450929,-0.960930275,2.005349149,5.349441047,0,full,1,0.5,244
-0.353673295,-2.416261408,-1.816917167,-7.802332503,0.755672101,-0.946185246,2.015996029,4.589003495,0,full,1,0.5,245
-0.421490659,-2.687697965,-2.099667059,-5.69952556,0.744127301,-0.962282462,2.003600608,5.290329937,0,full,1,0.5,246
-0.286210596,-2.395994302,-1.635276288,-8.809283706,0.785001238,-0.865877968,2.0916559,4.321881377,0,full,1,0.5,247
-0.375604663,-2.502766706,-1.889485071,-6.483550313,0.757190546,-0.942021811,2.020808819,4.769181983,0,full,1,0.5,248
-0.440744927,-2.753550919,-2.227556518,-8.515813068,0.741504052,-0.973079573,1.994998819,5.618935535,0,full,1,0.5,249
-0.440728461,-2.824868001,-2.270296495,-6.126098257,0.741907926,-0.966903715,2.000818077,5.743679987,0,full,1,0.5,250
-0.422045264,-2.858385226,-2.187728782,-9.383592164,0.745738251,-0.947847743,2.017055663,5.544356028,0,full,1,0.5,251
-0.278729452,-2.346939294,-1.594657737,-28.88929954,0.790944552,-0.858360749,2.099818983,4.313469757,0,full,1,0.5,252
-0.434921299,-2.684134242,-2.14971874,-6.315870729,0.739913877,-0.98044485,1.987838984,5.416465421,0,full,1,0.5,253
-0.334806498,-2.422441774,-1.769782892,-7.761450532,0.753912518,-0.940499352,2.020184115,4.515869004,0,full,1,0.5,254
-0.391085768,-2.548219998,-1.948693641,-6.042091342,0.751470551,-0.952707275,2.01126449,4.91777841,0,full,1,0.5,255
-0.403697268,-2.530535093,-1.980730964,-4.899545115,0.742679203,-0.973148915,1.992950683,5.015511484,0,full,1,0.5,256
-0.369576265,-2.523959406,-1.896927343,-9.920400843,0.756928389,-0.933465832,2.02824992,4.792974666,0,full,1,0.5,257
-0.389906556,-2.541700107,-1.945818996,-8.231771248,0.753276997,-0.950296557,2.014121108,4.905440474,0,full,1,0.5,258
-0.422031632,-2.737696385,-2.128296895,-8.01091295,0.744252547,-0.960275316,2.005499354,5.362415425,0,full,1,0.5,259
-0.320957257,-2.43181627,-1.752306392,-8.972994027,0.767631746,-0.903012246,2.055478986,4.462987218,0,full,1,0.5,260
-0.401813599,-2.589730182,-2.001597014,-7.240888141,0.747178467,-0.960156618,2.004713784,5.042598984,0,full,1,0.5,261
-0.37172353,-2.471294627,-1.87301503,-5.661046351,0.757024736,-0.94483496,2.01983217,4.734241669,0,full,1,0.5,262
-0.439905191,-2.726832139,-2.204029926,-20.45545612,0.737661908,-0.981869863,1.985546401,5.564831651,0,full,1,0.5,263
-0.433893641,-2.720783899,-2.175198988,-9.406132836,0.741233511,-0.971998021,1.995439839,5.481426608,0,full,1,0.5,264
-0.430717988,-2.773297696,-2.214278859,-25.51630995,0.74440333,-0.955115353,2.01076847,5.599070692,0,full,1,0.5,265
-0.443454423,-2.765204806,-2.260190873,-5.069546148,0.730160298,-0.993639181,1.974900588,5.748078407,0,full,1,0.5,266
-0.404466504,-2.583667286,-2.011580545,-15.59605607,0.746211301,-0.962934626,2.002257861,5.065837869,0,full,1,0.5,267
-0.390850728,-2.520944555,-1.927609188,-6.184197682,0.752150947,-0.957703551,2.006785596,4.87403156,0,full,1,0.5,268
-0.389760232,-2.472592378,-1.913816687,-4.29837081,0.750688374,-0.959017557,2.005735076,4.860647487,0,full,1,0.5,269
-0.443850932,-2.772568802,-2.256266878,-8.659334475,0.741003166,-0.97522862,1.99332106,5.691032464,0,full,1,0.5,270
-0.435173849,-2.706835273,-2.165345473,-5.605902608,0.740181,-0.975540951,1.991666678,5.463741365,0,full,1,0.5,271
-0.246155922,-2.323089481,-1.515174529,-8.146056053,0.779591553,-0.874113082,2.081795213,4.316077273,0,full,1,0.5,272
-0.306728293,-2.403921362,-1.674233079,-11.37472294,0.800100348,-0.844441961,2.115920603,4.341974092,0,full,1,0.5,273
-0.434831544,-2.70569673,-2.164979592,-6.074611829,0.740916197,-0.974200044,1.992980647,5.457529408,0,full,1,0.5,274
-0.428805437,-2.702560274,-2.158844726,-11.24751149,0.740232653,-0.975585085,1.992124187,5.448393394,0,full,1,0.5,275
-0.416929304,-2.631679947,-2.069316809,-15.35436273,0.742740515,-0.973436503,1.993368344,5.209846558,0,full,1,0.5,276
-0.279542926,-2.349446444,-1.598196686,-12.3338929,0.791933036,-0.856845568,2.101498535,4.313507576,0,full,1,0.5,277
-0.338863548,-2.417972637,-1.7919804,-17.05870506,0.756164917,-0.937492016,2.023343546,4.531576239,0,full,1,0.5,278
-0.421243193,-2.678371849,-2.106788064,-5.380325236,0.743219598,-0.961922053,2.003935255,5.319926106,0,full,1,0.5,279
-0.434510892,-2.652257219,-2.116577419,-5.497642524,0.740275913,-0.983594785,1.984939847,5.337865188,0,full,1,0.5,280
-0.41577195,-2.87221086,-2.191659797,-11.27190827,0.748570752,-0.930146803,2.032892157,5.565503208,0,full,1,0.5,281
-0.429637775,-2.692053481,-2.141758145,-13.64301868,0.742488013,-0.971085838,1.996055355,5.390627131,0,full,1,0.5,282
-0.412217093,-2.626439692,-2.054748724,-11.0078097,0.743833213,-0.967426794,1.998510313,5.162721366,0,full,1,0.5,283
-0.371235884,-2.489943585,-1.878677967,-9.75860236,0.748906056,-0.954901978,2.007994885,4.746708757,0,full,1,0.5,284
-0.434455049,-2.774759444,-2.188176098,-5.712955444,0.742374529,-0.966714749,2.000379109,5.525034476,0,full,1,0.5,285
-0.434252849,-2.74795141,-2.201162045,-18.12256075,0.742069861,-0.971609004,1.996215608,5.555815667,0,full,1,0.5,286
-0.44213988,-2.758557353,-2.232440153,-5.958050384,0.740896104,-0.974916318,1.99347272,5.633602701,0,full,1,0.5,287
-0.444982397,-2.725423933,-2.223439819,-6.58858554,0.73293425,-0.997008549,1.973729967,5.628897723,0,full,1,0.5,288
-0.407520797,-2.606511983,-2.024697745,-5.905202573,0.743946334,-0.966707493,1.998980561,5.10280128,0,full,1,0.5,289
-0.444983934,-2.787021658,-2.273400196,-6.807796918,0.740743545,-0.975420681,1.993309948,5.740193142,0,full,1,0.5,290
-0.25336665,-2.336459791,-1.530151184,-18.4700687,0.77984666,-0.873693084,2.082722202,4.311004275,0,full,1,0.5,291
-0.419287596,-2.62670764,-2.065529913,-9.028869034,0.742149951,-0.974735733,1.991787972,5.196341499,0,full,1,0.5,292
-0.373398435,-2.49213423,-1.881840688,-6.285766516,0.755911327,-0.944717967,2.018157789,4.752062929,0,full,1,0.5,293
-0.417799799,-2.615402291,-2.059835336,-7.391910074,0.742111829,-0.977353358,1.989839082,5.187906773,0,full,1,0.5,294
-0.360249922,-2.471666142,-1.85002437,-6.008581697,0.756848907,-0.938304731,2.023564128,4.678251054,0,full,1,0.5,295
-0.405537923,-2.536398045,-1.993153656,-6.429328791,0.747324244,-0.966508682,1.999179483,5.028569186,0,full,1,0.5,296
-0.437697816,-2.772470823,-2.264958543,-24.33607075,0.732085045,-0.991166677,1.979046295,5.750623541,0,full,1,0.5,297
-0.412781333,-2.621503757,-2.053488158,-8.005865778,0.743132982,-0.969408074,1.996742089,5.166835071,0,full,1,0.5,298
-0.32153346,-2.426528849,-1.758687671,-8.171679363,0.759847872,-0.919607201,2.039311029,4.474909311,0,full,1,0.5,299
-0.441656705,-2.802559156,-2.283804156,-10.38058863,0.741895026,-0.968146693,1.999754068,5.774106169,0,full,1,0.5,300
